Season,Week,PID,Player,Pos,Team,Opp,aFPA,aFPA Rk,FFPts,Comp,Pass Att,Pass Yds,Pass TD,INT,Rush Att,Rush Yds,Rush TD,Rec,Rec Yds,Rec TD,Pa1D,Ru1D,Rec1D,Fum,XP,FG,Grade
2020,1,jacksl1,Lamar Jackson,QB,BAL,CLE,18.2,23,26.5,22.0,33.0,260.2,2.0,0.6,8.3,55.7,0.4,0.0,0.0,0.0,12.5,3.6,0.0,0.2,0.0,0.0,A-Game
2020,1,mahomp1,Patrick Mahomes,QB,KC,HOU,18.7,24,25.2,26.3,37.9,322.6,2.4,0.6,3.3,18.0,0.2,0.0,0.0,0.0,15.4,1.2,0.0,0.2,0.0,0.0,A-Game
2020,1,prescd1,Dak Prescott,QB,DAL,@LAR,14.4,8,20.9,24.4,36.2,283.7,1.9,0.8,3.0,14.2,0.2,0.0,0.0,0.0,13.7,0.9,0.0,0.2,0.0,0.0,A-Game
2020,1,watsod1,Deshaun Watson,QB,HOU,@KC,16.1,15,20.7,23.3,35.3,268.9,1.6,1.0,4.2,20.7,0.3,0.0,0.0,0.0,13.0,1.3,0.0,0.3,0.0,0.0,A-Game
2020,1,wilsor1,Russell Wilson,QB,SEA,@ATL,19.9,25,20.4,22.5,34.4,277.0,1.7,0.4,4.1,17.8,0.1,0.0,0.0,0.0,13.2,1.2,0.0,0.2,0.0,0.0,A-Game
2020,1,breesd1,Drew Brees,QB,NO,TB,16.2,16,20.4,24.1,34.8,306.0,1.9,0.6,0.2,0.5,0.1,0.0,0.0,0.0,14.4,0.0,0.0,0.2,0.0,0.0,A-Game
2020,1,allenj3,Josh Allen,QB,BUF,NYJ,16.8,21,19.7,20.2,33.0,227.3,1.5,0.7,6.2,29.5,0.3,0.0,0.0,0.0,11.1,1.9,0.0,0.2,0.0,0.0,A-Game
2020,1,ryanm1,Matt Ryan,QB,ATL,SEA,16.2,17,19.4,24.0,36.2,289.4,1.7,0.8,1.9,8.1,0.1,0.0,0.0,0.0,13.8,0.5,0.0,0.2,0.0,0.0,A-Game
2020,1,newtoc1,Cam Newton,QB,NE,MIA,20.2,27,19.4,20.8,32.5,232.6,1.6,0.9,6.8,24.1,0.3,0.0,0.0,0.0,11.3,1.6,0.0,0.2,0.0,0.0,A-Game
2020,1,wentzc1,Carson Wentz,QB,PHI,@WAS,20.2,26,18.8,22.7,34.9,257.1,1.8,0.6,3.4,13.6,0.1,0.0,0.0,0.0,12.5,0.9,0.0,0.2,0.0,0.0,A-Game
2020,1,murrak1,Kyler Murray,QB,ARI,@SF,14.6,10,18.6,21.6,34.0,236.4,1.3,0.7,6.8,32.7,0.2,0.0,0.0,0.0,11.6,2.1,0.0,0.3,0.0,0.0,A-Game
2020,1,roethb1,Ben Roethlisberger,QB,PIT,@NYG,21.5,31,18.5,23.6,36.1,274.2,1.8,0.9,0.5,3.7,0.1,0.0,0.0,0.0,13.2,0.2,0.0,0.2,0.0,0.0,A-Game
2020,1,bradyt1,Tom Brady,QB,TB,@NO,16.5,18,18.5,23.6,36.3,287.1,1.8,0.8,0.5,1.4,0.0,0.0,0.0,0.0,13.7,0.1,0.0,0.3,0.0,0.0,A-Game
2020,1,garopj1,Jimmy Garoppolo,QB,SF,ARI,22.6,32,18.3,22.9,34.3,265.4,1.9,0.9,1.5,4.3,0.1,0.0,0.0,0.0,12.8,0.3,0.0,0.2,0.0,0.0,A-Game
2020,1,goffj1,Jared Goff,QB,LAR,DAL,16.7,20,18.2,23.5,36.1,282.8,1.7,0.9,1.1,3.5,0.1,0.0,0.0,0.0,13.5,0.2,0.0,0.2,0.0,0.0,A-Game
2020,1,taylot2,Tyrod Taylor,QB,LAC,@CIN,20.4,28,18.0,21.5,34.5,241.4,1.4,0.7,6.5,20.3,0.2,0.0,0.0,0.0,11.8,1.3,0.0,0.3,0.0,0.0,A-Game
2020,1,burroj1,Joe Burrow,QB,CIN,LAC,14.2,7,18.0,22.4,35.5,261.7,1.4,0.9,3.3,16.1,0.1,0.0,0.0,0.0,12.6,1.0,0.0,0.3,0.0,0.0,A-Game
2020,1,staffm1,Matthew Stafford,QB,DET,CHI,13.2,5,17.9,22.2,34.5,264.0,1.7,0.8,1.9,6.7,0.0,0.0,0.0,0.0,12.7,0.4,0.0,0.2,0.0,0.0,A-Game
2020,1,rodgea1,Aaron Rodgers,QB,GB,@MIN,14.1,6,17.9,21.3,34.2,263.3,1.4,0.2,3.1,11.6,0.1,0.0,0.0,0.0,12.5,0.8,0.0,0.3,0.0,0.0,A-Game
2020,1,tanner1,Ryan Tannehill,QB,TEN,@DEN,14.6,11,17.9,20.9,32.6,266.2,1.3,0.7,3.7,14.0,0.1,0.0,0.0,0.0,12.6,0.9,0.0,0.2,0.0,0.0,A-Game
2020,1,carrd2,Derek Carr,QB,LV,@CAR,14.5,9,17.8,22.8,34.4,274.9,1.5,0.8,1.4,4.1,0.1,0.0,0.0,0.0,13.1,0.3,0.0,0.2,0.0,0.0,A-Game
2020,1,minshg1,Gardner Minshew,QB,JAX,IND,16.0,14,17.8,20.8,34.0,254.7,1.3,0.6,3.8,18.9,0.1,0.0,0.0,0.0,12.1,1.2,0.0,0.3,0.0,0.0,A-Game
2020,1,cousik1,Kirk Cousins,QB,MIN,GB,14.9,12,17.5,22.9,34.8,259.2,1.6,0.7,2.1,5.8,0.1,0.0,0.0,0.0,12.6,0.4,0.0,0.2,0.0,0.0,A-Game
2020,1,riverp1,Philip Rivers,QB,IND,@JAX,17.1,22,17.4,22.9,34.6,263.6,1.8,0.8,0.0,0.0,0.0,0.0,0.0,0.0,12.8,0.0,0.0,0.2,0.0,0.0,A-Game
2020,1,jonesd4,Daniel Jones,QB,NYG,PIT,12.1,2,17.4,21.7,34.9,236.6,1.3,1.1,4.3,22.0,0.2,0.0,0.0,0.0,11.6,1.4,0.0,0.3,0.0,0.0,A-Game
2020,1,trubim1,Mitch Trubisky,QB,CHI,@DET,21.4,30,17.3,21.4,34.8,240.4,1.6,0.9,3.0,12.3,0.1,0.0,0.0,0.0,11.7,0.8,0.0,0.3,0.0,0.0,A-Game
2020,1,bridgt1,Teddy Bridgewater,QB,CAR,LV,21.3,29,17.3,22.1,34.2,257.9,1.6,0.6,1.3,3.6,0.1,0.0,0.0,0.0,12.4,0.2,0.0,0.2,0.0,0.0,A-Game
2020,1,lockd1,Drew Lock,QB,DEN,TEN,16.7,19,16.8,20.9,33.7,230.3,1.5,0.9,3.4,13.7,0.2,0.0,0.0,0.0,11.3,0.9,0.0,0.2,0.0,0.0,A-Game
2020,1,fitzpr1,Ryan Fitzpatrick,QB,MIA,@NE,10.4,1,16.0,21.5,34.4,236.1,1.2,1.2,4.9,19.0,0.1,0.0,0.0,0.0,11.6,1.2,0.0,0.3,0.0,0.0,B-Game
2020,1,mayfib1,Baker Mayfield,QB,CLE,@BAL,12.7,3,15.9,21.2,33.7,241.1,1.3,0.9,1.9,8.5,0.1,0.0,0.0,0.0,11.7,0.6,0.0,0.3,0.0,0.0,B-Game
2020,1,haskid1,Dwayne Haskins,QB,WAS,PHI,14.9,13,15.1,20.9,34.6,235.5,1.3,1.0,2.0,9.4,0.1,0.0,0.0,0.0,11.5,0.6,0.0,0.3,0.0,0.0,B-Game
2020,1,darnos1,Sam Darnold,QB,NYJ,@BUF,13.2,4,13.1,19.4,32.5,206.6,1.1,1.0,2.2,7.4,0.1,0.0,0.0,0.0,10.2,0.5,0.0,0.3,0.0,0.0,C-Game
2020,1,hillt2,Taysom Hill,QB,NO,TB,16.2,16,1.8,0.2,0.3,3.1,0.0,0.0,2.3,10.9,0.1,0.0,0.0,0.0,0.1,0.7,0.0,0.0,0.0,0.0,C-Game
2020,1,mccafc1,Christian McCaffrey,RB,CAR,LV,19.5,20,22.6,0.0,0.0,0.0,0.0,0.0,16.2,71.8,0.5,5.4,46.4,0.3,0.0,3.6,2.1,0.1,0.0,0.0,A-Game
2020,1,cookd1,Dalvin Cook,RB,MIN,GB,20.1,24,20.4,0.0,0.0,0.0,0.0,0.0,16.2,69.2,0.7,4.1,37.6,0.1,0.0,3.5,1.7,0.1,0.0,0.0,A-Game
2020,1,barkls1,Saquon Barkley,RB,NYG,PIT,14.2,5,18.9,0.0,0.0,0.0,0.0,0.0,17.3,65.6,0.7,4.1,29.6,0.1,0.0,3.3,1.4,0.2,0.0,0.0,A-Game
2020,1,ellioe1,Ezekiel Elliott,RB,DAL,@LAR,17.7,13,18.8,0.0,0.0,0.0,0.0,0.0,18.5,74.0,0.7,3.4,27.0,0.1,0.0,3.7,1.2,0.1,0.0,0.0,A-Game
2020,1,kamara1,Alvin Kamara,RB,NO,TB,9.5,1,17.7,0.0,0.0,0.0,0.0,0.0,13.0,50.7,0.4,5.0,38.6,0.1,0.0,2.5,1.8,0.1,0.0,0.0,A-Game
2020,1,ekelea1,Austin Ekeler,RB,LAC,@CIN,21.6,27,17.7,0.0,0.0,0.0,0.0,0.0,10.0,44.1,0.2,4.9,49.5,0.3,0.0,2.2,2.3,0.1,0.0,0.0,A-Game
2020,1,edwarc1,Clyde Edwards-Helaire,RB,KC,HOU,20.0,23,16.7,0.0,0.0,0.0,0.0,0.0,12.1,49.6,0.6,3.9,30.7,0.2,0.0,2.5,1.4,0.1,0.0,0.0,A-Game
2020,1,mixonj1,Joe Mixon,RB,CIN,LAC,19.5,19,16.4,0.0,0.0,0.0,0.0,0.0,17.4,71.4,0.5,2.2,20.9,0.2,0.0,3.6,1.0,0.1,0.0,0.0,A-Game
2020,1,henryd1,Derrick Henry,RB,TEN,@DEN,15.4,7,16.3,0.0,0.0,0.0,0.0,0.0,18.8,84.2,0.6,1.6,16.0,0.1,0.0,4.2,0.7,0.1,0.0,0.0,A-Game
2020,1,jacobj1,Josh Jacobs,RB,LV,@CAR,26.7,32,16.2,0.0,0.0,0.0,0.0,0.0,18.0,82.3,0.7,1.7,13.7,0.0,0.0,4.1,0.6,0.1,0.0,0.0,A-Game
2020,1,jonesa2,Aaron Jones,RB,GB,@MIN,17.7,12,16.2,0.0,0.0,0.0,0.0,0.0,14.4,62.5,0.6,2.8,29.0,0.1,0.0,3.1,1.3,0.1,0.0,0.0,A-Game
2020,1,sandem1,Miles Sanders,RB,PHI,@WAS,23.1,30,16.2,0.0,0.0,0.0,0.0,0.0,13.4,61.7,0.5,3.3,24.4,0.2,0.0,3.1,1.1,0.1,0.0,0.0,A-Game
2020,1,connej2,James Conner,RB,PIT,@NYG,19.7,22,15.0,0.0,0.0,0.0,0.0,0.0,12.3,50.4,0.5,3.2,27.4,0.1,0.0,2.5,1.3,0.1,0.0,0.0,A-Game
2020,1,drakek1,Kenyan Drake,RB,ARI,@SF,12.0,2,14.6,0.0,0.0,0.0,0.0,0.0,14.1,55.4,0.4,3.3,23.6,0.1,0.0,2.8,1.1,0.1,0.0,0.0,A-Game
2020,1,johnsd12,David Johnson,RB,HOU,@KC,20.9,25,14.5,0.0,0.0,0.0,0.0,0.0,14.9,53.4,0.4,3.5,24.2,0.1,0.0,2.7,1.1,0.2,0.0,0.0,A-Game
2020,1,carsoc1,Chris Carson,RB,SEA,@ATL,15.8,9,14.5,0.0,0.0,0.0,0.0,0.0,14.1,59.6,0.5,2.6,19.4,0.1,0.0,3.0,0.9,0.1,0.0,0.0,A-Game
2020,1,gurlet2,Todd Gurley,RB,ATL,SEA,18.4,16,14.3,0.0,0.0,0.0,0.0,0.0,11.7,43.8,0.5,3.0,24.6,0.2,0.0,2.2,1.1,0.1,0.0,0.0,A-Game
2020,1,chubbn1,Nick Chubb,RB,CLE,@BAL,16.4,10,13.6,0.0,0.0,0.0,0.0,0.0,17.9,80.7,0.4,1.5,8.4,0.0,0.0,4.0,0.4,0.2,0.0,0.0,B-Game
2020,1,moster1,Raheem Mostert,RB,SF,ARI,19.5,18,13.4,0.0,0.0,0.0,0.0,0.0,11.9,63.9,0.5,1.4,13.3,0.1,0.0,3.2,0.6,0.1,0.0,0.0,B-Game
2020,1,ingram1,Mark Ingram,RB,BAL,CLE,22.6,29,13.2,0.0,0.0,0.0,0.0,0.0,11.4,55.7,0.5,1.8,15.6,0.2,0.0,2.8,0.7,0.1,0.0,0.0,B-Game
2020,1,gordom1,Melvin Gordon,RB,DEN,TEN,19.6,21,12.7,0.0,0.0,0.0,0.0,0.0,11.7,44.4,0.4,3.1,20.7,0.1,0.0,2.2,1.0,0.1,0.0,0.0,B-Game
2020,1,belll1,Le'Veon Bell,RB,NYJ,@BUF,18.6,17,12.6,0.0,0.0,0.0,0.0,0.0,14.4,51.9,0.3,3.2,17.6,0.0,0.0,2.6,0.8,0.2,0.0,0.0,B-Game
2020,1,whitej4,James White,RB,NE,MIA,20.9,26,12.5,0.0,0.0,0.0,0.0,0.0,2.6,12.1,0.0,4.7,40.7,0.4,0.0,0.6,1.9,0.0,0.0,0.0,B-Game
2020,1,gibsoa1,Antonio Gibson,RB,WAS,PHI,14.5,6,12.0,0.0,0.0,0.0,0.0,0.0,9.1,34.0,0.3,3.6,28.3,0.1,0.0,1.7,1.3,0.1,0.0,0.0,B-Game
2020,1,tayloj2,Jonathan Taylor,RB,IND,@JAX,25.5,31,11.5,0.0,0.0,0.0,0.0,0.0,13.4,53.3,0.4,1.7,11.9,0.0,0.0,2.7,0.5,0.1,0.0,0.0,B-Game
2020,1,akersc1,Cam Akers,RB,LAR,DAL,18.2,15,11.4,0.0,0.0,0.0,0.0,0.0,10.6,41.4,0.3,2.3,19.8,0.1,0.0,2.1,0.9,0.1,0.0,0.0,B-Game
2020,1,huntk1,Kareem Hunt,RB,CLE,@BAL,16.4,10,11.3,0.0,0.0,0.0,0.0,0.0,6.1,22.7,0.2,3.9,30.6,0.1,0.0,1.1,1.4,0.1,0.0,0.0,B-Game
2020,1,singld1,Devin Singletary,RB,BUF,NYJ,16.7,11,11.3,0.0,0.0,0.0,0.0,0.0,9.8,51.4,0.2,2.4,14.8,0.1,0.0,2.6,0.7,0.1,0.0,0.0,B-Game
2020,1,jonesr1,Ronald Jones,RB,TB,@NO,13.3,3,10.8,0.0,0.0,0.0,0.0,0.0,11.7,44.5,0.3,2.2,18.7,0.1,0.0,2.2,0.9,0.1,0.0,0.0,B-Game
2020,1,cohent1,Tarik Cohen,RB,CHI,@DET,21.7,28,10.8,0.0,0.0,0.0,0.0,0.0,4.0,13.7,0.0,4.5,31.3,0.2,0.0,0.7,1.4,0.1,0.0,0.0,B-Game
2020,1,thompc1,Chris Thompson,RB,JAX,IND,15.6,8,10.7,0.0,0.0,0.0,0.0,0.0,3.9,14.2,0.1,4.0,40.8,0.1,0.0,0.7,1.9,0.1,0.0,0.0,B-Game
2020,1,mackm1,Marlon Mack,RB,IND,@JAX,25.5,31,10.2,0.0,0.0,0.0,0.0,0.0,12.1,56.4,0.5,0.7,5.3,0.0,0.0,2.8,0.2,0.1,0.0,0.0,C-Game
2020,1,lindsp1,Phillip Lindsay,RB,DEN,TEN,19.6,21,10.1,0.0,0.0,0.0,0.0,0.0,9.6,43.3,0.2,2.1,15.0,0.1,0.0,2.2,0.7,0.1,0.0,0.0,C-Game
2020,1,swiftd1,D'Andre Swift,RB,DET,CHI,17.8,14,10.0,0.0,0.0,0.0,0.0,0.0,8.3,33.1,0.2,2.7,21.1,0.1,0.0,1.7,1.0,0.1,0.0,0.0,C-Game
2020,1,willid13,Darrel Williams,RB,KC,HOU,20.0,23,9.9,0.0,0.0,0.0,0.0,0.0,9.6,36.1,0.4,1.7,12.9,0.1,0.0,1.8,0.6,0.1,0.0,0.0,C-Game
2020,1,robinj4,James Robinson,RB,JAX,IND,15.6,8,9.9,0.0,0.0,0.0,0.0,0.0,13.8,50.1,0.3,1.4,8.9,0.0,0.0,2.5,0.4,0.1,0.0,0.0,C-Game
2020,1,montgd1,David Montgomery,RB,CHI,@DET,21.7,28,9.8,0.0,0.0,0.0,0.0,0.0,14.1,53.0,0.3,1.3,8.4,0.0,0.0,2.7,0.4,0.1,0.0,0.0,C-Game
2020,1,scottb2,Boston Scott,RB,PHI,@WAS,23.1,30,9.6,0.0,0.0,0.0,0.0,0.0,9.8,39.5,0.4,1.6,10.3,0.0,0.0,2.0,0.5,0.1,0.0,0.0,C-Game
2020,1,mossz1,Zack Moss,RB,BUF,NYJ,16.7,11,9.6,0.0,0.0,0.0,0.0,0.0,10.8,41.4,0.3,1.8,11.4,0.0,0.0,2.1,0.5,0.1,0.0,0.0,C-Game
2020,1,dobbij1,J.K. Dobbins,RB,BAL,CLE,22.6,29,9.5,0.0,0.0,0.0,0.0,0.0,12.0,43.6,0.4,1.4,10.4,0.1,0.0,2.2,0.5,0.1,0.0,0.0,C-Game
2020,1,burkhr1,Rex Burkhead,RB,NE,MIA,20.9,26,9.4,0.0,0.0,0.0,0.0,0.0,6.9,38.2,0.3,1.8,17.4,0.0,0.0,1.9,0.8,0.1,0.0,0.0,C-Game
2020,1,murral1,Latavius Murray,RB,NO,TB,9.5,1,9.4,0.0,0.0,0.0,0.0,0.0,10.2,37.2,0.3,1.9,13.9,0.1,0.0,1.9,0.6,0.1,0.0,0.0,C-Game
2020,1,breidm1,Matt Breida,RB,MIA,@NE,13.3,4,9.2,0.0,0.0,0.0,0.0,0.0,3.8,16.7,0.1,3.4,26.0,0.1,0.0,0.8,1.2,0.1,0.0,0.0,C-Game
2020,1,miches1,Sony Michel,RB,NE,MIA,20.9,26,9.0,0.0,0.0,0.0,0.0,0.0,11.0,48.3,0.6,0.4,2.3,0.0,0.0,2.4,0.1,0.1,0.0,0.0,C-Game
2020,1,brownm4,Malcolm Brown,RB,LAR,DAL,18.2,15,8.2,0.0,0.0,0.0,0.0,0.0,10.3,39.9,0.3,1.1,8.5,0.0,0.0,2.0,0.4,0.1,0.0,0.0,C-Game
2020,1,howarj1,Jordan Howard,RB,MIA,@NE,13.3,4,7.8,0.0,0.0,0.0,0.0,0.0,12.0,45.6,0.3,0.6,4.7,0.0,0.0,2.3,0.2,0.1,0.0,0.0,C-Game
2020,1,kellej2,Joshua Kelley,RB,LAC,@CIN,21.6,27,7.7,0.0,0.0,0.0,0.0,0.0,7.9,30.8,0.4,1.0,7.2,0.0,0.0,1.5,0.3,0.1,0.0,0.0,C-Game
2020,1,johnsk2,Kerryon Johnson,RB,DET,CHI,17.8,14,7.3,0.0,0.0,0.0,0.0,0.0,8.6,32.6,0.2,1.2,11.9,0.1,0.0,1.6,0.5,0.1,0.0,0.0,C-Game
2020,1,colemt1,Tevin Coleman,RB,SF,ARI,19.5,18,7.2,0.0,0.0,0.0,0.0,0.0,8.8,33.5,0.3,0.9,8.0,0.0,0.0,1.7,0.4,0.1,0.0,0.0,C-Game
2020,1,mattia1,Alexander Mattison,RB,MIN,GB,20.1,24,6.9,0.0,0.0,0.0,0.0,0.0,6.0,26.2,0.2,1.4,10.4,0.1,0.0,1.3,0.5,0.0,0.0,0.0,C-Game
2020,1,willij10,Jamaal Williams,RB,GB,@MIN,17.7,12,6.9,0.0,0.0,0.0,0.0,0.0,5.0,20.1,0.1,2.0,15.8,0.1,0.0,1.0,0.7,0.1,0.0,0.0,C-Game
2020,1,hillb2,Brian Hill,RB,ATL,SEA,18.4,16,6.8,0.0,0.0,0.0,0.0,0.0,8.1,32.6,0.2,1.2,8.7,0.0,0.0,1.6,0.4,0.1,0.0,0.0,C-Game
2020,1,mckisj1,J.D. McKissic,RB,WAS,PHI,14.5,6,6.3,0.0,0.0,0.0,0.0,0.0,3.7,19.8,0.1,2.0,15.3,0.0,0.0,1.0,0.7,0.0,0.0,0.0,C-Game
2020,1,fournl1,Leonard Fournette,RB,TB,@NO,13.3,3,6.2,0.0,0.0,0.0,0.0,0.0,8.5,33.5,0.2,1.1,5.7,0.0,0.0,1.7,0.3,0.1,0.0,0.0,C-Game
2020,1,pollat1,Tony Pollard,RB,DAL,@LAR,17.7,13,5.9,0.0,0.0,0.0,0.0,0.0,5.4,25.6,0.1,1.2,9.9,0.0,0.0,1.3,0.5,0.0,0.0,0.0,C-Game
2020,1,johnsd11,Duke Johnson,RB,HOU,@KC,20.9,25,5.8,0.0,0.0,0.0,0.0,0.0,4.3,20.7,0.1,1.6,10.8,0.0,0.0,1.0,0.5,0.0,0.0,0.0,C-Game
2020,1,snellb1,Benny Snell Jr.,RB,PIT,@NYG,19.7,22,5.7,0.0,0.0,0.0,0.0,0.0,6.7,27.3,0.2,0.7,5.5,0.0,0.0,1.4,0.3,0.0,0.0,0.0,C-Game
2020,1,richaj1,Jalen Richard,RB,LV,@CAR,26.7,32,5.7,0.0,0.0,0.0,0.0,0.0,2.6,9.4,0.1,2.3,17.9,0.0,0.0,0.5,0.8,0.0,0.0,0.0,C-Game
2020,1,mckinj1,Jerick McKinnon,RB,SF,ARI,19.5,18,5.4,0.0,0.0,0.0,0.0,0.0,5.6,19.8,0.1,1.6,10.6,0.1,0.0,1.0,0.5,0.0,0.0,0.0,C-Game
2020,1,hinesn1,Nyheim Hines,RB,IND,@JAX,25.5,31,5.4,0.0,0.0,0.0,0.0,0.0,2.0,8.2,0.1,2.1,14.5,0.1,0.0,0.4,0.7,0.0,0.0,0.0,C-Game
2020,1,petera2,Adrian Peterson,RB,DET,CHI,17.8,14,5.3,0.0,0.0,0.0,0.0,0.0,6.8,31.0,0.2,0.5,4.0,0.0,0.0,1.6,0.2,0.1,0.0,0.0,C-Game
2020,1,hydec1,Carlos Hyde,RB,SEA,@ATL,15.8,9,5.2,0.0,0.0,0.0,0.0,0.0,7.2,29.8,0.3,0.2,1.4,0.0,0.0,1.5,0.1,0.0,0.0,0.0,C-Game
2020,1,mccoyl2,LeSean McCoy,RB,TB,@NO,13.3,3,5.2,0.0,0.0,0.0,0.0,0.0,3.5,14.4,0.1,1.7,11.5,0.1,0.0,0.7,0.5,0.0,0.0,0.0,C-Game
2020,1,juszck1,Kyle Juszczyk,RB,SF,ARI,19.5,18,4.7,0.0,0.0,0.0,0.0,0.0,0.0,0.0,0.0,1.8,21.2,0.1,0.0,0.0,1.0,0.0,0.0,0.0,C-Game
2020,1,jacksj2,Justin Jackson,RB,LAC,@CIN,21.6,27,4.7,0.0,0.0,0.0,0.0,0.0,2.6,18.6,0.2,0.8,4.8,0.0,0.0,0.9,0.2,0.0,0.0,0.0,C-Game
2020,1,mcfara1,Anthony McFarland,RB,PIT,@NYG,19.7,22,4.7,0.0,0.0,0.0,0.0,0.0,4.0,15.2,0.1,1.5,8.2,0.0,0.0,0.8,0.4,0.0,0.0,0.0,C-Game
2020,1,goref1,Frank Gore,RB,NYJ,@BUF,18.6,17,4.2,0.0,0.0,0.0,0.0,0.0,6.2,25.0,0.1,0.6,4.1,0.0,0.0,1.3,0.2,0.1,0.0,0.0,C-Game
2020,1,booked1,Devontae Booker,RB,LV,@CAR,26.7,32,4.2,0.0,0.0,0.0,0.0,0.0,3.5,15.3,0.2,0.7,5.5,0.0,0.0,0.8,0.3,0.0,0.0,0.0,C-Game
2020,1,edmonc1,Chase Edmonds,RB,ARI,@SF,12.0,2,4.1,0.0,0.0,0.0,0.0,0.0,3.7,15.3,0.1,0.9,9.5,0.0,0.0,0.8,0.4,0.0,0.0,0.0,C-Game
2020,1,loveb1,Bryce Love,RB,WAS,PHI,14.5,6,4.1,0.0,0.0,0.0,0.0,0.0,5.0,18.9,0.2,0.6,4.7,0.0,0.0,0.9,0.2,0.0,0.0,0.0,C-Game
2020,1,evansd2,Darrynton Evans,RB,TEN,@DEN,15.4,7,4.1,0.0,0.0,0.0,0.0,0.0,3.4,11.2,0.0,1.3,12.0,0.1,0.0,0.6,0.5,0.0,0.0,0.0,C-Game
2020,1,bernag1,Giovani Bernard,RB,CIN,LAC,19.5,19,3.9,0.0,0.0,0.0,0.0,0.0,3.0,9.6,0.0,1.5,10.5,0.0,0.0,0.5,0.5,0.0,0.0,0.0,C-Game
2020,1,lewisd1,Dion Lewis,RB,NYG,PIT,14.2,5,3.3,0.0,0.0,0.0,0.0,0.0,2.4,7.5,0.1,1.3,7.1,0.0,0.0,0.4,0.3,0.0,0.0,0.0,C-Game
2020,1,dilloa1,A.J. Dillon,RB,GB,@MIN,17.7,12,3.1,0.0,0.0,0.0,0.0,0.0,3.0,10.6,0.1,1.0,5.3,0.0,0.0,0.5,0.2,0.0,0.0,0.0,C-Game
2020,1,davism3,Mike Davis,RB,CAR,LV,19.5,20,3.1,0.0,0.0,0.0,0.0,0.0,5.6,15.5,0.1,0.4,2.6,0.0,0.0,0.8,0.1,0.0,0.0,0.0,C-Game
2020,1,lairdp1,Patrick Laird,RB,MIA,@NE,13.3,4,3.0,0.0,0.0,0.0,0.0,0.0,2.8,7.2,0.1,1.1,7.1,0.0,0.0,0.4,0.3,0.0,0.0,0.0,C-Game
2020,1,smithi1,Ito Smith,RB,ATL,SEA,18.4,16,2.6,0.0,0.0,0.0,0.0,0.0,2.8,13.2,0.1,0.5,2.9,0.0,0.0,0.7,0.1,0.0,0.0,0.0,C-Game
2020,1,hamc1,C.J. Ham,RB,MIN,GB,20.1,24,2.3,0.0,0.0,0.0,0.0,0.0,0.0,0.0,0.0,1.0,9.1,0.0,0.0,0.0,0.4,0.0,0.0,0.0,C-Game
2020,1,barbep1,Peyton Barber,RB,WAS,PHI,14.5,6,2.2,0.0,0.0,0.0,0.0,0.0,4.0,12.3,0.1,0.2,1.2,0.0,0.0,0.6,0.1,0.0,0.0,0.0,C-Game
2020,1,nallr1,Ryan Nall,RB,CHI,@DET,21.7,28,2.1,0.0,0.0,0.0,0.0,0.0,2.3,9.5,0.1,0.4,2.4,0.0,0.0,0.5,0.1,0.0,0.0,0.0,C-Game
2020,1,perinl1,La'Mical Perine,RB,NYJ,@BUF,18.6,17,1.9,0.0,0.0,0.0,0.0,0.0,1.3,5.6,0.1,0.5,4.1,0.0,0.0,0.3,0.2,0.0,0.0,0.0,C-Game
2020,1,ogunbd1,Dare Ogunbowale,RB,JAX,IND,15.6,8,1.9,0.0,0.0,0.0,0.0,0.0,1.0,2.8,0.0,0.7,5.6,0.0,0.0,0.1,0.3,0.0,0.0,0.0,C-Game
2020,1,boonem1,Mike Boone,RB,MIN,GB,20.1,24,1.9,0.0,0.0,0.0,0.0,0.0,2.7,14.0,0.0,0.2,1.3,0.0,0.0,0.7,0.1,0.0,0.0,0.0,C-Game
2020,1,edwarg1,Gus Edwards,RB,BAL,CLE,22.6,29,1.7,0.0,0.0,0.0,0.0,0.0,1.2,6.5,0.1,0.3,2.6,0.0,0.0,0.3,0.1,0.0,0.0,0.0,C-Game
2020,1,homert1,Travis Homer,RB,SEA,@ATL,15.8,9,1.7,0.0,0.0,0.0,0.0,0.0,0.5,2.9,0.0,0.7,5.5,0.0,0.0,0.1,0.3,0.0,0.0,0.0,C-Game
2020,1,samuej1,Jaylen Samuels,RB,PIT,@NYG,19.7,22,1.6,0.0,0.0,0.0,0.0,0.0,1.9,5.8,0.0,0.5,2.7,0.0,0.0,0.3,0.1,0.0,0.0,0.0,C-Game
2020,1,dallad1,DeeJay Dallas,RB,SEA,@ATL,15.8,9,1.5,0.0,0.0,0.0,0.0,0.0,1.0,3.4,0.0,0.5,4.2,0.0,0.0,0.2,0.2,0.0,0.0,0.0,C-Game
2020,1,hended3,Darrell Henderson,RB,LAR,DAL,18.2,15,1.5,0.0,0.0,0.0,0.0,0.0,2.0,8.0,0.0,0.2,1.4,0.0,0.0,0.4,0.1,0.0,0.0,0.0,C-Game
2020,1,freemr1,Royce Freeman,RB,DEN,TEN,19.6,21,1.4,0.0,0.0,0.0,0.0,0.0,0.8,3.2,0.0,0.6,3.5,0.0,0.0,0.2,0.2,0.0,0.0,0.0,C-Game
2020,1,blasik1,Khari Blasingame,RB,TEN,@DEN,15.4,7,1.3,0.0,0.0,0.0,0.0,0.0,0.0,0.0,0.0,0.7,5.3,0.0,0.0,0.0,0.2,0.0,0.0,0.0,C-Game
2020,1,wilsoj2,Jeff Wilson,RB,SF,ARI,19.5,18,1.1,0.0,0.0,0.0,0.0,0.0,0.7,2.5,0.1,0.0,0.0,0.0,0.0,0.1,0.0,0.0,0.0,0.0,C-Game
2020,1,abdula1,Ameer Abdullah,RB,MIN,GB,20.1,24,1.1,0.0,0.0,0.0,0.0,0.0,0.0,0.0,0.0,0.5,3.9,0.0,0.0,0.0,0.2,0.0,0.0,0.0,C-Game
2020,1,wilkij2,Jordan Wilkins,RB,IND,@JAX,25.5,31,1.0,0.0,0.0,0.0,0.0,0.0,0.7,4.4,0.0,0.2,1.3,0.0,0.0,0.2,0.1,0.0,0.0,0.0,C-Game
2020,1,benjae1,Eno Benjamin,RB,ARI,@SF,12.0,2,0.9,0.0,0.0,0.0,0.0,0.0,0.0,0.0,0.0,0.4,3.5,0.0,0.0,0.0,0.2,0.0,0.0,0.0,C-Game
2020,1,ricarp1,Patrick Ricard,RB,BAL,CLE,22.6,29,0.8,0.0,0.0,0.0,0.0,0.0,0.0,0.0,0.0,0.5,2.6,0.0,0.0,0.0,0.1,0.0,0.0,0.0,C-Game
2020,1,ingola1,Alec Ingold,RB,LV,@CAR,26.7,32,0.8,0.0,0.0,0.0,0.0,0.0,0.4,1.2,0.0,0.3,2.7,0.0,0.0,0.1,0.1,0.0,0.0,0.0,C-Game
2020,1,bowdel1,Lynn Bowden,RB,MIA,@NE,13.3,4,0.7,0.0,0.0,0.0,0.0,0.0,0.0,0.0,0.0,0.4,2.4,0.0,0.0,0.0,0.1,0.0,0.0,0.0,C-Game
2020,1,ervint1,Tyler Ervin,RB,GB,@MIN,17.7,12,0.7,0.0,0.0,0.0,0.0,0.0,0.0,0.0,0.0,0.4,2.6,0.0,0.0,0.0,0.1,0.0,0.0,0.0,C-Game
2020,1,johnsj15,Jakob Johnson,RB,NE,MIA,20.9,26,0.7,0.0,0.0,0.0,0.0,0.0,1.5,6.7,0.0,0.0,0.0,0.0,0.0,0.3,0.0,0.0,0.0,0.0,C-Game
2020,1,dimarp1,Patrick DiMarco,RB,BUF,NYJ,16.7,11,0.7,0.0,0.0,0.0,0.0,0.0,0.2,0.6,0.0,0.3,2.3,0.0,0.0,0.0,0.1,0.0,0.0,0.0,C-Game
2020,1,thompd3,Darwin Thompson,RB,KC,HOU,20.0,23,0.6,0.0,0.0,0.0,0.0,0.0,1.5,5.6,0.0,0.0,0.0,0.0,0.0,0.3,0.0,0.0,0.0,0.0,C-Game
2020,1,howelb1,Buddy Howell,RB,HOU,@KC,20.9,25,0.5,0.0,0.0,0.0,0.0,0.0,1.7,5.0,0.0,0.0,0.0,0.0,0.0,0.3,0.0,0.0,0.0,0.0,C-Game
2020,1,clemec1,Corey Clement,RB,PHI,@WAS,23.1,30,0.5,0.0,0.0,0.0,0.0,0.0,1.0,3.7,0.0,0.0,0.0,0.0,0.0,0.2,0.0,0.0,0.0,0.0,C-Game
2020,1,hillj6,Justice Hill,RB,BAL,CLE,22.6,29,0.4,0.0,0.0,0.0,0.0,0.0,0.0,0.0,0.0,0.2,1.3,0.0,0.0,0.0,0.1,0.0,0.0,0.0,C-Game
2020,1,olawaj1,Jamize Olawale,RB,DAL,@LAR,17.7,13,0.4,0.0,0.0,0.0,0.0,0.0,0.0,0.0,0.0,0.2,1.4,0.0,0.0,0.0,0.1,0.0,0.0,0.0,C-Game
2020,1,janova1,Andy Janovich,RB,CLE,@BAL,16.4,10,0.4,0.0,0.0,0.0,0.0,0.0,0.0,0.0,0.0,0.2,1.2,0.0,0.0,0.0,0.1,0.0,0.0,0.0,C-Game
2020,1,gallmw1,Wayne Gallman,RB,NYG,PIT,14.2,5,0.3,0.0,0.0,0.0,0.0,0.0,0.6,2.0,0.0,0.0,0.0,0.0,0.0,0.1,0.0,0.0,0.0,0.0,C-Game
2020,1,armaha1,Alexander Armah,RB,CAR,LV,19.5,20,0.3,0.0,0.0,0.0,0.0,0.0,0.2,0.5,0.0,0.0,0.0,0.0,0.0,0.0,0.0,0.0,0.0,0.0,C-Game
2020,1,willit6,Trayveon Williams,RB,CIN,LAC,19.5,19,0.3,0.0,0.0,0.0,0.0,0.0,0.5,2.0,0.0,0.0,0.0,0.0,0.0,0.1,0.0,0.0,0.0,0.0,C-Game
2020,1,johnsd16,D'Ernest Johnson,RB,CLE,@BAL,16.4,10,0.2,0.0,0.0,0.0,0.0,0.0,0.0,0.0,0.0,0.1,0.7,0.0,0.0,0.0,0.0,0.0,0.0,0.0,C-Game
2020,1,thomam4,Michael Thomas,WR,NO,TB,25.0,29,20.2,0.0,0.0,0.0,0.0,0.0,0.0,0.0,0.0,7.1,98.9,0.4,0.0,0.0,4.7,0.0,0.0,0.0,A-Game
2020,1,adamsd2,Davante Adams,WR,GB,@MIN,23.6,26,18.6,0.0,0.0,0.0,0.0,0.0,0.0,0.0,0.0,6.1,85.6,0.6,0.0,0.0,4.1,0.0,0.0,0.0,A-Game
2020,1,jonesj6,Julio Jones,WR,ATL,SEA,21.7,17,18.5,0.0,0.0,0.0,0.0,0.0,0.3,1.0,0.0,6.1,92.6,0.4,0.0,0.0,4.3,0.0,0.0,0.0,A-Game
2020,1,hillt1,Tyreek Hill,WR,KC,HOU,22.5,22,18.4,0.0,0.0,0.0,0.0,0.0,0.3,1.1,0.0,5.7,85.5,0.6,0.0,0.0,3.9,0.0,0.0,0.0,A-Game
2020,1,godwic1,Chris Godwin,WR,TB,@NO,22.1,20,17.1,0.0,0.0,0.0,0.0,0.0,0.1,0.5,0.0,5.6,78.9,0.5,0.0,0.0,3.7,0.0,0.0,0.0,A-Game
2020,1,robina3,Allen Robinson,WR,CHI,@DET,27.4,32,16.8,0.0,0.0,0.0,0.0,0.0,0.0,0.0,0.0,5.2,76.9,0.6,0.0,0.0,3.6,0.0,0.0,0.0,A-Game
2020,1,hopkid1,DeAndre Hopkins,WR,ARI,@SF,19.5,9,16.1,0.0,0.0,0.0,0.0,0.0,0.0,0.0,0.0,6.0,72.1,0.4,0.0,0.0,3.7,0.1,0.0,0.0,A-Game
2020,1,moored4,D.J. Moore,WR,CAR,LV,24.6,27,15.9,0.0,0.0,0.0,0.0,0.0,0.4,2.6,0.0,5.3,76.1,0.4,0.0,0.1,3.6,0.0,0.0,0.0,A-Game
2020,1,gollak1,Kenny Golladay,WR,DET,CHI,17.4,3,15.6,0.0,0.0,0.0,0.0,0.0,0.0,0.0,0.0,4.4,75.2,0.5,0.0,0.0,3.3,0.0,0.0,0.0,A-Game
2020,1,browna5,A.J. Brown,WR,TEN,@DEN,20.3,13,15.5,0.0,0.0,0.0,0.0,0.0,0.4,2.8,0.0,4.3,82.5,0.3,0.0,0.1,3.5,0.0,0.0,0.0,A-Game
2020,1,allenk1,Keenan Allen,WR,LAC,@CIN,23.5,25,15.2,0.0,0.0,0.0,0.0,0.0,0.0,0.0,0.0,6.0,66.4,0.4,0.0,0.0,3.5,0.0,0.0,0.0,A-Game
2020,1,smithj5,JuJu Smith-Schuster,WR,PIT,@NYG,26.0,30,15.0,0.0,0.0,0.0,0.0,0.0,0.0,0.0,0.0,5.4,69.9,0.4,0.0,0.0,3.4,0.0,0.0,0.0,A-Game
2020,1,locket1,Tyler Lockett,WR,SEA,@ATL,22.4,21,14.8,0.0,0.0,0.0,0.0,0.0,0.3,1.1,0.0,5.2,65.1,0.4,0.0,0.0,3.2,0.0,0.0,0.0,A-Game
2020,1,woodsr1,Robert Woods,WR,LAR,DAL,19.1,6,14.7,0.0,0.0,0.0,0.0,0.0,1.0,7.0,0.0,4.9,69.3,0.3,0.0,0.3,3.3,0.0,0.0,0.0,A-Game
2020,1,thiela1,Adam Thielen,WR,MIN,GB,21.3,16,14.4,0.0,0.0,0.0,0.0,0.0,0.2,0.6,0.0,4.6,66.1,0.5,0.0,0.0,3.1,0.0,0.0,0.0,A-Game
2020,1,coopea1,Amari Cooper,WR,DAL,@LAR,19.4,8,14.2,0.0,0.0,0.0,0.0,0.0,0.0,0.0,0.0,4.6,65.2,0.4,0.0,0.0,3.1,0.0,0.0,0.0,A-Game
2020,1,mclaut1,Terry McLaurin,WR,WAS,PHI,23.3,23,14.2,0.0,0.0,0.0,0.0,0.0,0.0,0.0,0.0,4.2,67.1,0.5,0.0,0.0,3.0,0.0,0.0,0.0,A-Game
2020,1,ridlec1,Calvin Ridley,WR,ATL,SEA,21.7,17,14.2,0.0,0.0,0.0,0.0,0.0,0.3,3.1,0.0,4.3,63.7,0.5,0.0,0.1,3.0,0.0,0.0,0.0,A-Game
2020,1,suttoc1,Courtland Sutton,WR,DEN,TEN,20.9,15,14.1,0.0,0.0,0.0,0.0,0.0,0.0,0.0,0.0,4.3,66.8,0.5,0.0,0.0,3.0,0.0,0.0,0.0,A-Game
2020,1,gallum1,Michael Gallup,WR,DAL,@LAR,19.4,8,14.1,0.0,0.0,0.0,0.0,0.0,0.0,0.0,0.0,4.9,62.4,0.4,0.0,0.0,3.1,0.0,0.0,0.0,A-Game
2020,1,metcad1,DK Metcalf,WR,SEA,@ATL,22.4,21,14.0,0.0,0.0,0.0,0.0,0.0,0.0,0.0,0.0,4.3,67.9,0.4,0.0,0.0,3.1,0.0,0.0,0.0,A-Game
2020,1,charkd1,D.J. Chark,WR,JAX,IND,21.9,18,14.0,0.0,0.0,0.0,0.0,0.0,0.0,0.0,0.0,4.4,68.8,0.4,0.0,0.0,3.1,0.0,0.0,0.0,A-Game
2020,1,diggss1,Stefon Diggs,WR,BUF,NYJ,24.9,28,13.9,0.0,0.0,0.0,0.0,0.0,0.0,0.0,0.0,4.8,62.5,0.4,0.0,0.0,3.1,0.0,0.0,0.0,A-Game
2020,1,kuppc1,Cooper Kupp,WR,LAR,DAL,19.1,6,13.9,0.0,0.0,0.0,0.0,0.0,0.0,0.0,0.0,4.3,56.6,0.6,0.0,0.0,2.8,0.0,0.0,0.0,A-Game
2020,1,evansm1,Mike Evans,WR,TB,@NO,22.1,20,13.9,0.0,0.0,0.0,0.0,0.0,0.0,0.0,0.0,4.3,64.6,0.5,0.0,0.0,3.0,0.0,0.0,0.0,A-Game
2020,1,fullew1,Will Fuller,WR,HOU,@KC,18.2,5,13.8,0.0,0.0,0.0,0.0,0.0,0.0,0.0,0.0,4.5,63.2,0.4,0.0,0.0,3.0,0.0,0.0,0.0,A-Game
2020,1,edelmj1,Julian Edelman,WR,NE,MIA,27.1,31,13.7,0.0,0.0,0.0,0.0,0.0,0.4,2.0,0.0,5.0,58.1,0.4,0.0,0.1,3.0,0.0,0.0,0.0,A-Game
2020,1,boydt2,Tyler Boyd,WR,CIN,LAC,17.9,4,13.6,0.0,0.0,0.0,0.0,0.0,0.3,1.5,0.0,5.2,62.8,0.3,0.0,0.1,3.2,0.0,0.0,0.0,A-Game
2020,1,beckho1,Odell Beckham,WR,CLE,@BAL,20.0,10,13.6,0.0,0.0,0.0,0.0,0.0,0.0,0.0,0.0,4.7,65.1,0.3,0.0,0.0,3.1,0.0,0.0,0.0,A-Game
2020,1,hiltot1,T.Y. Hilton,WR,IND,@JAX,20.1,11,13.4,0.0,0.0,0.0,0.0,0.0,0.0,0.0,0.0,4.0,68.5,0.4,0.0,0.0,3.0,0.0,0.0,0.0,A-Game
2020,1,brownm6,Marquise Brown,WR,BAL,CLE,20.2,12,13.3,0.0,0.0,0.0,0.0,0.0,0.0,0.0,0.0,4.7,57.2,0.4,0.0,0.0,2.9,0.0,0.0,0.0,A-Game
2020,1,jonesm3,Marvin Jones,WR,DET,CHI,17.4,3,13.1,0.0,0.0,0.0,0.0,0.0,0.0,0.0,0.0,4.2,54.1,0.5,0.0,0.0,2.7,0.0,0.0,0.0,A-Game
2020,1,johnsd15,Diontae Johnson,WR,PIT,@NYG,26.0,30,13.0,0.0,0.0,0.0,0.0,0.0,0.3,2.6,0.0,4.4,53.5,0.5,0.0,0.1,2.7,0.0,0.0,0.0,A-Game
2020,1,greena2,A.J. Green,WR,CIN,LAC,17.9,4,12.9,0.0,0.0,0.0,0.0,0.0,0.0,0.0,0.0,4.3,64.1,0.3,0.0,0.0,3.0,0.0,0.0,0.0,A-Game
2020,1,landrj1,Jarvis Landry,WR,CLE,@BAL,20.0,10,12.8,0.0,0.0,0.0,0.0,0.0,0.1,1.1,0.0,4.5,60.3,0.3,0.0,0.0,2.9,0.0,0.0,0.0,A-Game
2020,1,lambc1,CeeDee Lamb,WR,DAL,@LAR,19.4,8,12.7,0.0,0.0,0.0,0.0,0.0,0.0,0.0,0.0,4.5,53.9,0.4,0.0,0.0,2.7,0.0,0.0,0.0,A-Game
2020,1,jacksd2,DeSean Jackson,WR,PHI,@WAS,23.4,24,12.4,0.0,0.0,0.0,0.0,0.0,0.0,0.0,0.0,3.7,60.4,0.4,0.0,0.0,2.7,0.0,0.0,0.0,A-Game
2020,1,brownj5,John Brown,WR,BUF,NYJ,24.9,28,12.1,0.0,0.0,0.0,0.0,0.0,0.0,0.0,0.0,3.9,58.0,0.3,0.0,0.0,2.7,0.0,0.0,0.0,A-Game
2020,1,millea1,Anthony Miller,WR,CHI,@DET,27.4,32,12.0,0.0,0.0,0.0,0.0,0.0,0.0,0.0,0.0,4.0,56.5,0.3,0.0,0.0,2.7,0.0,0.0,0.0,A-Game
2020,1,parked1,DeVante Parker,WR,MIA,@NE,14.8,1,11.9,0.0,0.0,0.0,0.0,0.0,0.0,0.0,0.0,4.0,54.3,0.4,0.0,0.0,2.6,0.0,0.0,0.0,A-Game
2020,1,crowdj1,Jamison Crowder,WR,NYJ,@BUF,17.0,2,11.9,0.0,0.0,0.0,0.0,0.0,0.0,0.0,0.0,4.8,52.7,0.3,0.0,0.0,2.8,0.0,0.0,0.0,A-Game
2020,1,ruggsh1,Henry Ruggs,WR,LV,@CAR,20.6,14,11.8,0.0,0.0,0.0,0.0,0.0,0.8,5.3,0.0,3.6,53.6,0.3,0.0,0.2,2.5,0.0,0.0,0.0,A-Game
2020,1,sandee1,Emmanuel Sanders,WR,NO,TB,25.0,29,11.6,0.0,0.0,0.0,0.0,0.0,0.0,0.0,0.0,3.4,55.6,0.4,0.0,0.0,2.5,0.0,0.0,0.0,A-Game
2020,1,shepas1,Sterling Shepard,WR,NYG,PIT,19.3,7,11.5,0.0,0.0,0.0,0.0,0.0,0.4,3.0,0.0,4.7,48.5,0.2,0.0,0.1,2.6,0.0,0.0,0.0,A-Game
2020,1,jeudyj1,Jerry Jeudy,WR,DEN,TEN,20.9,15,11.0,0.0,0.0,0.0,0.0,0.0,0.0,0.0,0.0,3.9,49.5,0.3,0.0,0.0,2.4,0.0,0.0,0.0,B-Game
2020,1,cooksb1,Brandin Cooks,WR,HOU,@KC,18.2,5,10.9,0.0,0.0,0.0,0.0,0.0,0.1,1.0,0.0,3.7,53.8,0.2,0.0,0.0,2.5,0.0,0.0,0.0,B-Game
2020,1,tateg1,Golden Tate,WR,NYG,PIT,19.3,7,10.9,0.0,0.0,0.0,0.0,0.0,0.0,0.0,0.0,3.8,49.7,0.3,0.0,0.0,2.4,0.0,0.0,0.0,B-Game
2020,1,lazara1,Allen Lazard,WR,GB,@MIN,23.6,26,10.6,0.0,0.0,0.0,0.0,0.0,0.1,1.1,0.0,3.5,51.3,0.3,0.0,0.0,2.4,0.0,0.0,0.0,B-Game
2020,1,slaytd1,Darius Slayton,WR,NYG,PIT,19.3,7,10.6,0.0,0.0,0.0,0.0,0.0,0.0,0.0,0.0,3.5,46.1,0.4,0.0,0.0,2.2,0.0,0.0,0.0,B-Game
2020,1,kirkc1,Christian Kirk,WR,ARI,@SF,19.5,9,10.4,0.0,0.0,0.0,0.0,0.0,0.3,2.1,0.0,4.1,43.7,0.2,0.0,0.1,2.4,0.0,0.0,0.0,B-Game
2020,1,edwarb4,Bryan Edwards,WR,LV,@CAR,20.6,14,10.4,0.0,0.0,0.0,0.0,0.0,0.0,0.0,0.0,3.4,49.5,0.3,0.0,0.0,2.3,0.0,0.0,0.0,B-Game
2020,1,simss1,Steven Sims,WR,WAS,PHI,23.3,23,10.3,0.0,0.0,0.0,0.0,0.0,0.0,0.0,0.0,4.1,44.7,0.3,0.0,0.0,2.4,0.0,0.0,0.0,B-Game
2020,1,hardmm1,Mecole Hardman,WR,KC,HOU,22.5,22,10.3,0.0,0.0,0.0,0.0,0.0,0.5,2.3,0.0,2.3,45.2,0.5,0.0,0.1,1.9,0.0,0.0,0.0,B-Game
2020,1,watkis1,Sammy Watkins,WR,KC,HOU,22.5,22,10.2,0.0,0.0,0.0,0.0,0.0,0.0,0.0,0.0,3.9,46.8,0.2,0.0,0.0,2.4,0.0,0.0,0.0,B-Game
2020,1,samuec1,Curtis Samuel,WR,CAR,LV,24.6,27,10.2,0.0,0.0,0.0,0.0,0.0,1.3,8.3,0.0,3.3,38.7,0.3,0.0,0.3,2.0,0.0,0.0,0.0,B-Game
2020,1,willip4,Preston Williams,WR,MIA,@NE,14.8,1,10.0,0.0,0.0,0.0,0.0,0.0,0.0,0.0,0.0,3.2,48.4,0.3,0.0,0.0,2.2,0.0,0.0,0.0,B-Game
2020,1,harryn1,N'Keal Harry,WR,NE,MIA,27.1,31,9.8,0.0,0.0,0.0,0.0,0.0,0.3,2.7,0.0,3.2,40.7,0.3,0.0,0.1,2.0,0.0,0.0,0.0,B-Game
2020,1,cobbr1,Randall Cobb,WR,HOU,@KC,18.2,5,9.7,0.0,0.0,0.0,0.0,0.0,0.0,0.0,0.0,3.7,47.1,0.2,0.0,0.0,2.3,0.0,0.0,0.0,B-Game
2020,1,reagoj1,Jalen Reagor,WR,PHI,@WAS,23.4,24,9.6,0.0,0.0,0.0,0.0,0.0,0.4,2.5,0.0,3.2,41.1,0.3,0.0,0.1,2.0,0.0,0.0,0.0,B-Game
2020,1,perrib1,Breshad Perriman,WR,NYJ,@BUF,17.0,2,9.6,0.0,0.0,0.0,0.0,0.0,0.2,1.9,0.0,3.4,44.4,0.2,0.0,0.1,2.2,0.0,0.0,0.0,B-Game
2020,1,aiyukb1,Brandon Aiyuk,WR,SF,ARI,22.0,19,9.6,0.0,0.0,0.0,0.0,0.0,0.0,0.0,0.0,3.0,43.8,0.3,0.0,0.0,2.0,0.0,0.0,0.0,B-Game
2020,1,anderr2,Robby Anderson,WR,CAR,LV,24.6,27,9.5,0.0,0.0,0.0,0.0,0.0,0.3,1.0,0.0,3.2,43.8,0.3,0.0,0.0,2.1,0.0,0.0,0.0,B-Game
2020,1,bournk1,Kendrick Bourne,WR,SF,ARI,22.0,19,9.5,0.0,0.0,0.0,0.0,0.0,0.0,0.0,0.0,3.2,37.2,0.4,0.0,0.0,1.9,0.0,0.0,0.0,B-Game
2020,1,shenal1,Laviska Shenault,WR,JAX,IND,21.9,18,9.5,0.0,0.0,0.0,0.0,0.0,1.8,11.4,0.1,3.0,35.7,0.2,0.0,0.5,1.8,0.0,0.0,0.0,B-Game
2020,1,campbp1,Parris Campbell,WR,IND,@JAX,20.1,11,9.2,0.0,0.0,0.0,0.0,0.0,0.5,4.4,0.0,3.3,35.6,0.3,0.0,0.2,1.9,0.0,0.0,0.0,B-Game
2020,1,pittmm2,Michael Pittman Jr.,WR,IND,@JAX,20.1,11,9.1,0.0,0.0,0.0,0.0,0.0,0.0,0.0,0.0,3.0,39.5,0.3,0.0,0.0,1.9,0.0,0.0,0.0,B-Game
2020,1,washij1,James Washington,WR,PIT,@NYG,26.0,30,8.8,0.0,0.0,0.0,0.0,0.0,0.0,0.0,0.0,2.8,42.5,0.3,0.0,0.0,2.0,0.0,0.0,0.0,B-Game
2020,1,fitzgl1,Larry Fitzgerald,WR,ARI,@SF,19.5,9,8.8,0.0,0.0,0.0,0.0,0.0,0.0,0.0,0.0,3.5,35.5,0.3,0.0,0.0,2.0,0.0,0.0,0.0,B-Game
2020,1,gager1,Russell Gage,WR,ATL,SEA,21.7,17,8.7,0.0,0.0,0.0,0.0,0.0,0.0,0.0,0.0,3.6,37.6,0.2,0.0,0.0,2.0,0.0,0.0,0.0,B-Game
2020,1,beaslc1,Cole Beasley,WR,BUF,NYJ,24.9,28,8.7,0.0,0.0,0.0,0.0,0.0,0.0,0.0,0.0,3.3,35.2,0.3,0.0,0.0,1.9,0.0,0.0,0.0,B-Game
2020,1,amendd1,Danny Amendola,WR,DET,CHI,17.4,3,8.6,0.0,0.0,0.0,0.0,0.0,0.0,0.0,0.0,3.8,39.6,0.1,0.0,0.0,2.2,0.0,0.0,0.0,B-Game
2020,1,johnso1,Olabisi Johnson,WR,MIN,GB,21.3,16,8.6,0.0,0.0,0.0,0.0,0.0,0.0,0.0,0.0,2.9,41.5,0.2,0.0,0.0,1.9,0.0,0.0,0.0,B-Game
2020,1,conlec1,Chris Conley,WR,JAX,IND,21.9,18,8.5,0.0,0.0,0.0,0.0,0.0,0.0,0.0,0.0,2.6,43.3,0.2,0.0,0.0,1.9,0.0,0.0,0.0,B-Game
2020,1,davisc7,Corey Davis,WR,TEN,@DEN,20.3,13,8.0,0.0,0.0,0.0,0.0,0.0,0.0,0.0,0.0,3.4,37.3,0.1,0.0,0.0,2.0,0.0,0.0,0.0,B-Game
2020,1,boykim1,Miles Boykin,WR,BAL,CLE,20.2,12,7.6,0.0,0.0,0.0,0.0,0.0,0.0,0.0,0.0,2.4,32.5,0.3,0.0,0.0,1.6,0.0,0.0,0.0,C-Game
2020,1,smitht9,Tre'Quan Smith,WR,NO,TB,25.0,29,7.5,0.0,0.0,0.0,0.0,0.0,0.0,0.0,0.0,2.2,30.9,0.3,0.0,0.0,1.5,0.0,0.0,0.0,C-Game
2020,1,renfrh1,Hunter Renfrow,WR,LV,@CAR,20.6,14,7.5,0.0,0.0,0.0,0.0,0.0,0.0,0.0,0.0,2.8,33.0,0.2,0.0,0.0,1.7,0.0,0.0,0.0,C-Game
2020,1,pascaz1,Zach Pascal,WR,IND,@JAX,20.1,11,7.3,0.0,0.0,0.0,0.0,0.0,0.0,0.0,0.0,2.4,30.3,0.3,0.0,0.0,1.5,0.0,0.0,0.0,C-Game
2020,1,humpha1,Adam Humphries,WR,TEN,@DEN,20.3,13,7.3,0.0,0.0,0.0,0.0,0.0,0.0,0.0,0.0,3.1,28.0,0.2,0.0,0.0,1.6,0.0,0.0,0.0,C-Game
2020,1,jeffej1,Justin Jefferson,WR,MIN,GB,21.3,16,6.8,0.0,0.0,0.0,0.0,0.0,0.0,0.0,0.0,2.2,32.4,0.2,0.0,0.0,1.5,0.0,0.0,0.0,C-Game
2020,1,jeffev1,Van Jefferson,WR,LAR,DAL,19.1,6,6.6,0.0,0.0,0.0,0.0,0.0,0.0,0.0,0.0,2.3,32.5,0.1,0.0,0.0,1.5,0.0,0.0,0.0,C-Game
2020,1,guytoj1,Jalen Guyton,WR,LAC,@CIN,23.5,25,6.1,0.0,0.0,0.0,0.0,0.0,0.0,0.0,0.0,2.1,29.0,0.2,0.0,0.0,1.4,0.0,0.0,0.0,C-Game
2020,1,robind2,Demarcus Robinson,WR,KC,HOU,22.5,22,6.1,0.0,0.0,0.0,0.0,0.0,0.0,0.0,0.0,1.9,24.2,0.3,0.0,0.0,1.2,0.0,0.0,0.0,C-Game
2020,1,patrit1,Tim Patrick,WR,DEN,TEN,20.9,15,5.4,0.0,0.0,0.0,0.0,0.0,0.0,0.0,0.0,2.1,23.0,0.1,0.0,0.0,1.2,0.0,0.0,0.0,C-Game
2020,1,grantj1,Jakeem Grant,WR,MIA,@NE,14.8,1,5.1,0.0,0.0,0.0,0.0,0.0,0.0,0.0,0.0,2.4,23.6,0.0,0.0,0.0,1.3,0.0,0.0,0.0,C-Game
2020,1,rossj2,John Ross,WR,CIN,LAC,17.9,4,5.0,0.0,0.0,0.0,0.0,0.0,0.0,0.0,0.0,1.8,22.2,0.2,0.0,0.0,1.1,0.0,0.0,0.0,C-Game
2020,1,reedj5,Joe Reed,WR,LAC,@CIN,23.5,25,5.0,0.0,0.0,0.0,0.0,0.0,0.0,0.0,0.0,1.7,24.1,0.1,0.0,0.0,1.1,0.0,0.0,0.0,C-Game
2020,1,higgit1,Tee Higgins,WR,CIN,LAC,17.9,4,4.9,0.0,0.0,0.0,0.0,0.0,0.0,0.0,0.0,1.9,20.9,0.1,0.0,0.0,1.1,0.0,0.0,0.0,C-Game
2020,1,byrdd3,Damiere Byrd,WR,NE,MIA,27.1,31,4.7,0.0,0.0,0.0,0.0,0.0,0.0,0.0,0.0,1.6,20.9,0.1,0.0,0.0,1.0,0.0,0.0,0.0,C-Game
2020,1,higgir1,Rashard Higgins,WR,CLE,@BAL,20.0,10,4.6,0.0,0.0,0.0,0.0,0.0,0.0,0.0,0.0,1.6,21.7,0.1,0.0,0.0,1.0,0.0,0.0,0.0,C-Game
2020,1,milles2,Scott Miller,WR,TB,@NO,22.1,20,4.6,0.0,0.0,0.0,0.0,0.0,0.2,1.4,0.0,1.7,20.1,0.1,0.0,0.1,1.0,0.0,0.0,0.0,C-Game
2020,1,moored3,David Moore,WR,SEA,@ATL,22.4,21,4.5,0.0,0.0,0.0,0.0,0.0,0.0,0.0,0.0,1.2,23.5,0.1,0.0,0.0,1.0,0.0,0.0,0.0,C-Game
2020,1,inmand1,Dontrelle Inman,WR,WAS,PHI,23.3,23,4.5,0.0,0.0,0.0,0.0,0.0,0.0,0.0,0.0,1.6,21.2,0.1,0.0,0.0,1.0,0.0,0.0,0.0,C-Game
2020,1,raymok1,Kalif Raymond,WR,TEN,@DEN,20.3,13,4.2,0.0,0.0,0.0,0.0,0.0,0.0,0.0,0.0,1.3,21.3,0.1,0.0,0.0,0.9,0.0,0.0,0.0,C-Game
2020,1,claypc1,Chase Claypool,WR,PIT,@NYG,26.0,30,4.2,0.0,0.0,0.0,0.0,0.0,0.0,0.0,0.0,1.6,17.8,0.1,0.0,0.0,0.9,0.0,0.0,0.0,C-Game
2020,1,stillk1,Kenny Stills,WR,HOU,@KC,18.2,5,4.2,0.0,0.0,0.0,0.0,0.0,0.0,0.0,0.0,1.5,18.8,0.1,0.0,0.0,0.9,0.0,0.0,0.0,C-Game
2020,1,hoganc1,Chris Hogan,WR,NYJ,@BUF,17.0,2,4.2,0.0,0.0,0.0,0.0,0.0,0.0,0.0,0.0,1.5,18.6,0.1,0.0,0.0,0.9,0.0,0.0,0.0,C-Game
2020,1,gandya1,Antonio Gandy-Golden,WR,WAS,PHI,23.3,23,4.1,0.0,0.0,0.0,0.0,0.0,0.0,0.0,0.0,1.4,18.8,0.1,0.0,0.0,0.9,0.0,0.0,0.0,C-Game
2020,1,sneadw1,Willie Snead,WR,BAL,CLE,20.2,12,4.1,0.0,0.0,0.0,0.0,0.0,0.0,0.0,0.0,1.7,16.9,0.1,0.0,0.0,0.9,0.0,0.0,0.0,C-Game
2020,1,mimsd1,Denzel Mims,WR,NYJ,@BUF,17.0,2,4.1,0.0,0.0,0.0,0.0,0.0,0.1,0.9,0.0,1.5,19.6,0.1,0.0,0.0,0.9,0.0,0.0,0.0,C-Game
2020,1,arcegj1,J.J. Arcega-Whiteside,WR,PHI,@WAS,23.4,24,3.7,0.0,0.0,0.0,0.0,0.0,0.0,0.0,0.0,1.5,16.7,0.1,0.0,0.0,0.9,0.0,0.0,0.0,C-Game
2020,1,duverd1,Devin Duvernay,WR,BAL,CLE,20.2,12,3.6,0.0,0.0,0.0,0.0,0.0,0.0,0.0,0.0,1.3,16.9,0.1,0.0,0.0,0.8,0.0,0.0,0.0,C-Game
2020,1,wardg1,Greg Ward,WR,PHI,@WAS,23.4,24,3.5,0.0,0.0,0.0,0.0,0.0,0.0,0.0,0.0,1.4,14.1,0.1,0.0,0.0,0.8,0.0,0.0,0.0,C-Game
2020,1,reynoj1,Josh Reynolds,WR,LAR,DAL,19.1,6,3.5,0.0,0.0,0.0,0.0,0.0,0.0,0.0,0.0,1.3,15.6,0.1,0.0,0.0,0.8,0.0,0.0,0.0,C-Game
2020,1,fordi1,Isaiah Ford,WR,MIA,@NE,14.8,1,3.5,0.0,0.0,0.0,0.0,0.0,0.2,1.8,0.0,1.4,15.3,0.0,0.0,0.1,0.8,0.0,0.0,0.0,C-Game
2020,1,valdem1,Marquez Valdes-Scantling,WR,GB,@MIN,23.6,26,3.4,0.0,0.0,0.0,0.0,0.0,0.0,0.0,0.0,1.0,18.4,0.1,0.0,0.0,0.8,0.0,0.0,0.0,C-Game
2020,1,pattec1,Cordarrelle Patterson,WR,CHI,@DET,27.4,32,3.1,0.0,0.0,0.0,0.0,0.0,0.9,5.7,0.0,1.2,8.4,0.1,0.0,0.2,0.6,0.0,0.0,0.0,C-Game
2020,1,tatea1,Auden Tate,WR,CIN,LAC,17.9,4,3.0,0.0,0.0,0.0,0.0,0.0,0.0,0.0,0.0,1.1,15.7,0.0,0.0,0.0,0.7,0.0,0.0,0.0,C-Game
2020,1,ericka1,Alex Erickson,WR,CIN,LAC,17.9,4,2.9,0.0,0.0,0.0,0.0,0.0,0.0,0.0,0.0,1.3,14.4,0.0,0.0,0.0,0.8,0.0,0.0,0.0,C-Game
2020,1,westbd1,Dede Westbrook,WR,JAX,IND,21.9,18,2.9,0.0,0.0,0.0,0.0,0.0,0.0,0.0,0.0,1.2,12.7,0.1,0.0,0.0,0.7,0.0,0.0,0.0,C-Game
2020,1,dorsep1,Phillip Dorsett,WR,SEA,@ATL,22.4,21,2.9,0.0,0.0,0.0,0.0,0.0,0.0,0.0,0.0,0.9,13.8,0.1,0.0,0.0,0.6,0.0,0.0,0.0,C-Game
2020,1,pettid1,Dante Pettis,WR,SF,ARI,22.0,19,2.8,0.0,0.0,0.0,0.0,0.0,0.0,0.0,0.0,1.0,13.3,0.1,0.0,0.0,0.7,0.0,0.0,0.0,C-Game
2020,1,agholn1,Nelson Agholor,WR,LV,@CAR,20.6,14,2.7,0.0,0.0,0.0,0.0,0.0,0.0,0.0,0.0,1.0,13.7,0.0,0.0,0.0,0.7,0.0,0.0,0.0,C-Game
2020,1,hamild1,DaeSean Hamilton,WR,DEN,TEN,20.9,15,2.7,0.0,0.0,0.0,0.0,0.0,0.0,0.0,0.0,1.0,11.5,0.1,0.0,0.0,0.6,0.0,0.0,0.0,C-Game
2020,1,robers1,Seth Roberts,WR,CAR,LV,24.6,27,2.6,0.0,0.0,0.0,0.0,0.0,0.0,0.0,0.0,1.0,12.9,0.0,0.0,0.0,0.6,0.0,0.0,0.0,C-Game
2020,1,wilsoc2,Cedrick Wilson,WR,DAL,@LAR,19.4,8,2.6,0.0,0.0,0.0,0.0,0.0,0.0,0.0,0.0,1.0,11.3,0.1,0.0,0.0,0.6,0.0,0.0,0.0,C-Game
2020,1,taylot4,Trent Taylor,WR,SF,ARI,22.0,19,2.3,0.0,0.0,0.0,0.0,0.0,0.0,0.0,0.0,0.8,11.9,0.0,0.0,0.0,0.6,0.0,0.0,0.0,C-Game
2020,1,wimsj1,Javon Wims,WR,CHI,@DET,27.4,32,2.3,0.0,0.0,0.0,0.0,0.0,0.0,0.0,0.0,0.9,10.8,0.1,0.0,0.0,0.5,0.0,0.0,0.0,C-Game
2020,1,isabea1,Andy Isabella,WR,ARI,@SF,19.5,9,2.3,0.0,0.0,0.0,0.0,0.0,0.0,0.0,0.0,0.7,11.8,0.1,0.0,0.0,0.5,0.0,0.0,0.0,C-Game
2020,1,patmod1,Dezmon Patmon,WR,IND,@JAX,20.1,11,2.2,0.0,0.0,0.0,0.0,0.0,0.0,0.0,0.0,0.7,10.5,0.1,0.0,0.0,0.5,0.0,0.0,0.0,C-Game
2020,1,meyerj1,Jakobi Meyers,WR,NE,MIA,27.1,31,2.2,0.0,0.0,0.0,0.0,0.0,0.0,0.0,0.0,0.7,10.5,0.1,0.0,0.0,0.5,0.0,0.0,0.0,C-Game
2020,1,ridler1,Riley Ridley,WR,CHI,@DET,27.4,32,2.1,0.0,0.0,0.0,0.0,0.0,0.0,0.0,0.0,0.7,9.6,0.0,0.0,0.0,0.5,0.0,0.0,0.0,C-Game
2020,1,cephuq1,Quintez Cephus,WR,DET,CHI,17.4,3,1.9,0.0,0.0,0.0,0.0,0.0,0.0,0.0,0.0,0.8,7.9,0.1,0.0,0.0,0.4,0.0,0.0,0.0,C-Game
2020,1,sharpt1,Tajae Sharpe,WR,MIN,GB,21.3,16,1.8,0.0,0.0,0.0,0.0,0.0,0.0,0.0,0.0,0.6,9.1,0.0,0.0,0.0,0.4,0.0,0.0,0.0,C-Game
2020,1,stbroe1,Equanimeous St. Brown,WR,GB,@MIN,23.6,26,1.8,0.0,0.0,0.0,0.0,0.0,0.0,0.0,0.0,0.4,10.5,0.0,0.0,0.0,0.4,0.0,0.0,0.0,C-Game
2020,1,colek1,Keelan Cole,WR,JAX,IND,21.9,18,1.7,0.0,0.0,0.0,0.0,0.0,0.0,0.0,0.0,0.4,8.9,0.1,0.0,0.0,0.4,0.0,0.0,0.0,C-Game
2020,1,olszeg1,Gunner Olszewski,WR,NE,MIA,27.1,31,1.6,0.0,0.0,0.0,0.0,0.0,0.0,0.0,0.0,0.6,7.0,0.0,0.0,0.0,0.4,0.0,0.0,0.0,C-Game
2020,1,watsoj1,Justin Watson,WR,TB,@NO,22.1,20,1.5,0.0,0.0,0.0,0.0,0.0,0.0,0.0,0.0,0.8,5.7,0.0,0.0,0.0,0.4,0.0,0.0,0.0,C-Game
2020,1,halle1,Emanuel Hall,WR,WAS,PHI,23.3,23,1.5,0.0,0.0,0.0,0.0,0.0,0.0,0.0,0.0,0.8,5.9,0.0,0.0,0.0,0.4,0.0,0.0,0.0,C-Game
2020,1,davisg2,Gabriel Davis,WR,BUF,NYJ,24.9,28,1.4,0.0,0.0,0.0,0.0,0.0,0.0,0.0,0.0,0.5,6.8,0.0,0.0,0.0,0.3,0.0,0.0,0.0,C-Game
2020,1,hollim1,Mack Hollins,WR,MIA,@NE,14.8,1,1.4,0.0,0.0,0.0,0.0,0.0,0.0,0.0,0.0,0.4,7.1,0.0,0.0,0.0,0.3,0.0,0.0,0.0,C-Game
2020,1,peopld1,Donovan Peoples-Jones,WR,CLE,@BAL,20.0,10,1.2,0.0,0.0,0.0,0.0,0.0,0.0,0.0,0.0,0.4,6.0,0.0,0.0,0.0,0.3,0.0,0.0,0.0,C-Game
2020,1,hollic1,Cody Hollister,WR,TEN,@DEN,20.3,13,1.2,0.0,0.0,0.0,0.0,0.0,0.0,0.0,0.0,0.4,5.3,0.0,0.0,0.0,0.3,0.0,0.0,0.0,C-Game
2020,1,zaccho1,Olamide Zaccheaus,WR,ATL,SEA,21.7,17,1.1,0.0,0.0,0.0,0.0,0.0,0.0,0.0,0.0,0.4,5.8,0.0,0.0,0.0,0.3,0.0,0.0,0.0,C-Game
2020,1,mckeni1,Isaiah McKenzie,WR,BUF,NYJ,24.9,28,1.0,0.0,0.0,0.0,0.0,0.0,0.4,2.5,0.0,0.4,3.4,0.0,0.0,0.1,0.2,0.0,0.0,0.0,C-Game
2020,1,johnsk3,KeeSean Johnson,WR,ARI,@SF,19.5,9,1.0,0.0,0.0,0.0,0.0,0.0,0.0,0.0,0.0,0.4,4.7,0.0,0.0,0.0,0.3,0.0,0.0,0.0,C-Game
2020,1,jonesz1,Zay Jones,WR,LV,@CAR,20.6,14,1.0,0.0,0.0,0.0,0.0,0.0,0.0,0.0,0.0,0.5,4.1,0.0,0.0,0.0,0.2,0.0,0.0,0.0,C-Game
2020,1,hodgek1,KhaDarel Hodge,WR,CLE,@BAL,20.0,10,0.9,0.0,0.0,0.0,0.0,0.0,0.0,0.0,0.0,0.3,4.8,0.0,0.0,0.0,0.2,0.0,0.0,0.0,C-Game
2020,1,harrid5,Deonte Harris,WR,NO,TB,25.0,29,0.9,0.0,0.0,0.0,0.0,0.0,0.0,0.0,0.0,0.4,3.1,0.0,0.0,0.0,0.2,0.0,0.0,0.0,C-Game
2020,1,hallm2,Marvin Hall,WR,DET,CHI,17.4,3,0.9,0.0,0.0,0.0,0.0,0.0,0.0,0.0,0.0,0.2,4.0,0.0,0.0,0.0,0.2,0.0,0.0,0.0,C-Game
2020,1,zylstb1,Brandon Zylstra,WR,CAR,LV,24.6,27,0.8,0.0,0.0,0.0,0.0,0.0,0.0,0.0,0.0,0.3,3.9,0.0,0.0,0.0,0.2,0.0,0.0,0.0,C-Game
2020,1,ursuaj1,John Ursua,WR,SEA,@ATL,22.4,21,0.8,0.0,0.0,0.0,0.0,0.0,0.0,0.0,0.0,0.3,4.2,0.0,0.0,0.0,0.2,0.0,0.0,0.0,C-Game
2020,1,johnst3,Tyler Johnson,WR,TB,@NO,22.1,20,0.6,0.0,0.0,0.0,0.0,0.0,0.0,0.0,0.0,0.2,2.9,0.0,0.0,0.0,0.1,0.0,0.0,0.0,C-Game
2020,1,moorec1,Chris Moore,WR,BAL,CLE,20.2,12,0.6,0.0,0.0,0.0,0.0,0.0,0.0,0.0,0.0,0.2,2.6,0.0,0.0,0.0,0.1,0.0,0.0,0.0,C-Game
2020,1,johnsc6,Collin Johnson,WR,JAX,IND,21.9,18,0.5,0.0,0.0,0.0,0.0,0.0,0.0,0.0,0.0,0.2,2.5,0.0,0.0,0.0,0.1,0.0,0.0,0.0,C-Game
2020,1,spencd1,Diontae Spencer,WR,DEN,TEN,20.9,15,0.5,0.0,0.0,0.0,0.0,0.0,0.0,0.0,0.0,0.2,2.3,0.0,0.0,0.0,0.1,0.0,0.0,0.0,C-Game
2020,1,coopep1,Pharoh Cooper,WR,CAR,LV,24.6,27,0.4,0.0,0.0,0.0,0.0,0.0,0.0,0.0,0.0,0.2,1.3,0.0,0.0,0.0,0.1,0.0,0.0,0.0,C-Game
2020,1,kirkwk1,Keith Kirkwood,WR,CAR,LV,24.6,27,0.2,0.0,0.0,0.0,0.0,0.0,0.0,0.0,0.0,0.1,1.3,0.0,0.0,0.0,0.1,0.0,0.0,0.0,C-Game
2020,1,hillk2,KJ Hill,WR,LAC,@CIN,23.5,25,0.2,0.0,0.0,0.0,0.0,0.0,0.0,0.0,0.0,0.1,1.2,0.0,0.0,0.0,0.1,0.0,0.0,0.0,C-Game
2020,1,kittlg1,George Kittle,TE,SF,ARI,13.0,32,18.0,0.0,0.0,0.0,0.0,0.0,0.0,0.0,0.0,6.9,79.6,0.4,0.0,0.0,4.2,0.0,0.0,0.0,A-Game
2020,1,kelcet1,Travis Kelce,TE,KC,HOU,7.5,19,17.3,0.0,0.0,0.0,0.0,0.0,0.0,0.0,0.0,6.2,77.4,0.5,0.0,0.0,4.0,0.0,0.0,0.0,A-Game
2020,1,andrem1,Mark Andrews,TE,BAL,CLE,9.2,30,15.0,0.0,0.0,0.0,0.0,0.0,0.0,0.0,0.0,4.9,65.0,0.5,0.0,0.0,3.3,0.0,0.0,0.0,A-Game
2020,1,ertzz1,Zach Ertz,TE,PHI,@WAS,8.9,27,12.7,0.0,0.0,0.0,0.0,0.0,0.0,0.0,0.0,4.8,54.0,0.4,0.0,0.0,2.8,0.0,0.0,0.0,A-Game
2020,1,walled1,Darren Waller,TE,LV,@CAR,5.8,4,12.3,0.0,0.0,0.0,0.0,0.0,0.0,0.0,0.0,4.6,61.9,0.2,0.0,0.0,3.1,0.0,0.0,0.0,A-Game
2020,1,henryh1,Hunter Henry,TE,LAC,@CIN,7.3,18,11.9,0.0,0.0,0.0,0.0,0.0,0.0,0.0,0.0,4.1,53.1,0.4,0.0,0.0,2.7,0.0,0.0,0.0,A-Game
2020,1,engrae1,Evan Engram,TE,NYG,PIT,6.8,14,11.4,0.0,0.0,0.0,0.0,0.0,0.0,0.0,0.0,4.2,52.0,0.3,0.0,0.0,2.7,0.0,0.0,0.0,A-Game
2020,1,higbet1,Tyler Higbee,TE,LAR,DAL,9.1,28,11.2,0.0,0.0,0.0,0.0,0.0,0.0,0.0,0.0,4.5,49.5,0.3,0.0,0.0,2.6,0.0,0.0,0.0,A-Game
2020,1,cookj2,Jared Cook,TE,NO,TB,7.5,20,10.7,0.0,0.0,0.0,0.0,0.0,0.0,0.0,0.0,2.8,52.6,0.4,0.0,0.0,2.4,0.0,0.0,0.0,A-Game
2020,1,hursth1,Hayden Hurst,TE,ATL,SEA,8.2,25,10.4,0.0,0.0,0.0,0.0,0.0,0.0,0.0,0.0,4.0,44.9,0.3,0.0,0.0,2.4,0.0,0.0,0.0,A-Game
2020,1,gronkr1,Rob Gronkowski,TE,TB,@NO,6.4,9,9.8,0.0,0.0,0.0,0.0,0.0,0.0,0.0,0.0,3.2,45.9,0.3,0.0,0.0,2.3,0.0,0.0,0.0,A-Game
2020,1,goeded1,Dallas Goedert,TE,PHI,@WAS,8.9,27,9.2,0.0,0.0,0.0,0.0,0.0,0.0,0.0,0.0,3.3,37.3,0.3,0.0,0.0,2.0,0.0,0.0,0.0,A-Game
2020,1,jarwib1,Blake Jarwin,TE,DAL,@LAR,8.0,24,9.2,0.0,0.0,0.0,0.0,0.0,0.0,0.0,0.0,3.5,39.7,0.2,0.0,0.0,2.1,0.0,0.0,0.0,A-Game
2020,1,smithj6,Jonnu Smith,TE,TEN,@DEN,6.7,12,9.1,0.0,0.0,0.0,0.0,0.0,0.0,0.0,0.0,3.7,38.6,0.2,0.0,0.0,2.1,0.0,0.0,0.0,A-Game
2020,1,fantn1,Noah Fant,TE,DEN,TEN,8.8,26,8.9,0.0,0.0,0.0,0.0,0.0,0.0,0.0,0.0,3.3,35.7,0.3,0.0,0.0,1.9,0.0,0.0,0.0,A-Game
2020,1,hocket1,T.J. Hockenson,TE,DET,CHI,6.6,10,8.4,0.0,0.0,0.0,0.0,0.0,0.0,0.0,0.0,3.3,35.6,0.2,0.0,0.0,1.9,0.0,0.0,0.0,B-Game
2020,1,doylej1,Jack Doyle,TE,IND,@JAX,6.6,11,8.3,0.0,0.0,0.0,0.0,0.0,0.0,0.0,0.0,3.1,31.6,0.3,0.0,0.0,1.7,0.0,0.0,0.0,B-Game
2020,1,herndc1,Chris Herndon,TE,NYJ,@BUF,5.9,6,8.1,0.0,0.0,0.0,0.0,0.0,0.0,0.0,0.0,2.9,36.1,0.2,0.0,0.0,1.9,0.0,0.0,0.0,B-Game
2020,1,ebrone1,Eric Ebron,TE,PIT,@NYG,9.2,29,8.1,0.0,0.0,0.0,0.0,0.0,0.0,0.0,0.0,2.9,32.9,0.3,0.0,0.0,1.7,0.0,0.0,0.0,B-Game
2020,1,gesicm1,Mike Gesicki,TE,MIA,@NE,6.8,15,8.1,0.0,0.0,0.0,0.0,0.0,0.0,0.0,0.0,3.1,34.2,0.2,0.0,0.0,1.8,0.0,0.0,0.0,B-Game
2020,1,olseng1,Greg Olsen,TE,SEA,@ATL,7.2,16,7.8,0.0,0.0,0.0,0.0,0.0,0.0,0.0,0.0,2.7,34.6,0.2,0.0,0.0,1.8,0.0,0.0,0.0,B-Game
2020,1,hoopea1,Austin Hooper,TE,CLE,@BAL,5.6,2,7.8,0.0,0.0,0.0,0.0,0.0,0.0,0.0,0.0,2.9,31.3,0.3,0.0,0.0,1.7,0.0,0.0,0.0,B-Game
2020,1,thomai1,Ian Thomas,TE,CAR,LV,9.7,31,7.6,0.0,0.0,0.0,0.0,0.0,0.0,0.0,0.0,2.6,29.7,0.3,0.0,0.0,1.6,0.0,0.0,0.0,B-Game
2020,1,disslw1,Will Dissly,TE,SEA,@ATL,7.2,16,7.3,0.0,0.0,0.0,0.0,0.0,0.0,0.0,0.0,2.9,27.7,0.2,0.0,0.0,1.5,0.0,0.0,0.0,B-Game
2020,1,smithi2,Irv Smith Jr.,TE,MIN,GB,7.6,22,7.0,0.0,0.0,0.0,0.0,0.0,0.0,0.0,0.0,3.1,27.2,0.2,0.0,0.0,1.6,0.0,0.0,0.0,B-Game
2020,1,evereg1,Gerald Everett,TE,LAR,DAL,9.1,28,6.8,0.0,0.0,0.0,0.0,0.0,0.0,0.0,0.0,2.6,29.7,0.2,0.0,0.0,1.6,0.0,0.0,0.0,B-Game
2020,1,reedj4,Jordan Reed,TE,SF,ARI,13.0,32,6.7,0.0,0.0,0.0,0.0,0.0,0.0,0.0,0.0,2.3,26.5,0.3,0.0,0.0,1.4,0.0,0.0,0.0,B-Game
2020,1,akinsj1,Jordan Akins,TE,HOU,@KC,8.0,23,6.6,0.0,0.0,0.0,0.0,0.0,0.0,0.0,0.0,2.6,29.6,0.2,0.0,0.0,1.5,0.0,0.0,0.0,B-Game
2020,1,eifert1,Tyler Eifert,TE,JAX,IND,6.8,13,6.6,0.0,0.0,0.0,0.0,0.0,0.0,0.0,0.0,2.2,28.0,0.2,0.0,0.0,1.4,0.0,0.0,0.0,B-Game
2020,1,grahaj1,Jimmy Graham,TE,CHI,@DET,7.6,21,6.5,0.0,0.0,0.0,0.0,0.0,0.0,0.0,0.0,2.6,28.9,0.1,0.0,0.0,1.5,0.0,0.0,0.0,C-Game
2020,1,tonyar1,Robert Tonyan,TE,GB,@MIN,5.0,1,6.4,0.0,0.0,0.0,0.0,0.0,0.0,0.0,0.0,2.5,29.0,0.1,0.0,0.0,1.5,0.0,0.0,0.0,C-Game
2020,1,boylen1,Nick Boyle,TE,BAL,CLE,9.2,30,6.3,0.0,0.0,0.0,0.0,0.0,0.0,0.0,0.0,2.6,27.3,0.1,0.0,0.0,1.5,0.0,0.0,0.0,C-Game
2020,1,howaro1,O.J. Howard,TE,TB,@NO,6.4,9,6.1,0.0,0.0,0.0,0.0,0.0,0.0,0.0,0.0,2.2,27.3,0.2,0.0,0.0,1.4,0.0,0.0,0.0,C-Game
2020,1,rudolk1,Kyle Rudolph,TE,MIN,GB,7.6,22,6.0,0.0,0.0,0.0,0.0,0.0,0.0,0.0,0.0,2.4,20.7,0.2,0.0,0.0,1.2,0.0,0.0,0.0,C-Game
2020,1,knoxd1,Dawson Knox,TE,BUF,NYJ,5.8,5,5.9,0.0,0.0,0.0,0.0,0.0,0.0,0.0,0.0,2.0,27.3,0.2,0.0,0.0,1.4,0.0,0.0,0.0,C-Game
2020,1,uzomac1,C.J. Uzomah,TE,CIN,LAC,6.3,7,5.7,0.0,0.0,0.0,0.0,0.0,0.0,0.0,0.0,2.4,23.6,0.2,0.0,0.0,1.3,0.0,0.0,0.0,C-Game
2020,1,thomal2,Logan Thomas,TE,WAS,PHI,6.3,8,5.4,0.0,0.0,0.0,0.0,0.0,0.0,0.0,0.0,2.1,23.6,0.1,0.0,0.0,1.2,0.0,0.0,0.0,C-Game
2020,1,arnold1,Dan Arnold,TE,ARI,@SF,5.6,3,5.3,0.0,0.0,0.0,0.0,0.0,0.0,0.0,0.0,1.9,24.8,0.1,0.0,0.0,1.2,0.0,0.0,0.0,C-Game
2020,1,fellsd2,Darren Fells,TE,HOU,@KC,8.0,23,4.8,0.0,0.0,0.0,0.0,0.0,0.0,0.0,0.0,1.5,14.8,0.3,0.0,0.0,0.8,0.0,0.0,0.0,C-Game
2020,1,asiasd1,Devin Asiasi,TE,NE,MIA,7.3,17,4.4,0.0,0.0,0.0,0.0,0.0,0.0,0.0,0.0,1.7,18.6,0.1,0.0,0.0,1.0,0.0,0.0,0.0,C-Game
2020,1,wittej1,Jason Witten,TE,LV,@CAR,5.8,4,3.2,0.0,0.0,0.0,0.0,0.0,0.0,0.0,0.0,1.1,12.4,0.1,0.0,0.0,0.7,0.0,0.0,0.0,C-Game
2020,1,jamesj2,Jesse James,TE,DET,CHI,6.6,10,2.8,0.0,0.0,0.0,0.0,0.0,0.0,0.0,0.0,1.1,10.6,0.1,0.0,0.0,0.6,0.0,0.0,0.0,C-Game
2020,1,hillj4,Josh Hill,TE,NO,TB,7.5,20,2.6,0.0,0.0,0.0,0.0,0.0,0.0,0.0,0.0,1.0,9.3,0.1,0.0,0.0,0.5,0.0,0.0,0.0,C-Game
2020,1,moreaf1,Foster Moreau,TE,LV,@CAR,5.8,4,2.6,0.0,0.0,0.0,0.0,0.0,0.0,0.0,0.0,0.7,6.9,0.2,0.0,0.0,0.4,0.0,0.0,0.0,C-Game
2020,1,griffr2,Ryan Griffin,TE,NYJ,@BUF,5.9,6,2.5,0.0,0.0,0.0,0.0,0.0,0.0,0.0,0.0,1.1,9.3,0.1,0.0,0.0,0.5,0.0,0.0,0.0,C-Game
2020,1,shahea1,Adam Shaheen,TE,MIA,@NE,6.8,15,2.4,0.0,0.0,0.0,0.0,0.0,0.0,0.0,0.0,1.1,9.4,0.0,0.0,0.0,0.5,0.0,0.0,0.0,C-Game
2020,1,sternj1,Jace Sternberger,TE,GB,@MIN,5.0,1,2.3,0.0,0.0,0.0,0.0,0.0,0.0,0.0,0.0,0.9,10.5,0.1,0.0,0.0,0.5,0.0,0.0,0.0,C-Game
2020,1,stockl1,Luke Stocker,TE,ATL,SEA,8.2,25,2.2,0.0,0.0,0.0,0.0,0.0,0.0,0.0,0.0,1.0,8.7,0.1,0.0,0.0,0.5,0.0,0.0,0.0,C-Game
2020,1,keened1,Dalton Keene,TE,NE,MIA,7.3,17,2.2,0.0,0.0,0.0,0.0,0.0,0.0,0.0,0.0,0.8,9.3,0.1,0.0,0.0,0.5,0.0,0.0,0.0,C-Game
2020,1,njokud1,David Njoku,TE,CLE,@BAL,5.6,2,2.1,0.0,0.0,0.0,0.0,0.0,0.0,0.0,0.0,0.9,8.4,0.1,0.0,0.0,0.5,0.0,0.0,0.0,C-Game
2020,1,hollij1,Jacob Hollister,TE,SEA,@ATL,7.2,16,2.1,0.0,0.0,0.0,0.0,0.0,0.0,0.0,0.0,0.9,8.3,0.1,0.0,0.0,0.5,0.0,0.0,0.0,C-Game
2020,1,aliecm1,Mo Alie-Cox,TE,IND,@JAX,6.6,11,2.1,0.0,0.0,0.0,0.0,0.0,0.0,0.0,0.0,0.9,7.9,0.1,0.0,0.0,0.5,0.0,0.0,0.0,C-Game
2020,1,mcdonv1,Vance McDonald,TE,PIT,@NYG,9.2,29,1.9,0.0,0.0,0.0,0.0,0.0,0.0,0.0,0.0,0.7,8.2,0.1,0.0,0.0,0.4,0.0,0.0,0.0,C-Game
2020,1,kmetc1,Cole Kmet,TE,CHI,@DET,7.6,21,1.7,0.0,0.0,0.0,0.0,0.0,0.0,0.0,0.0,0.6,7.2,0.1,0.0,0.0,0.4,0.0,0.0,0.0,C-Game
2020,1,firksa1,Anthony Firkser,TE,TEN,@DEN,6.7,12,1.7,0.0,0.0,0.0,0.0,0.0,0.0,0.0,0.0,0.7,8.0,0.0,0.0,0.0,0.4,0.0,0.0,0.0,C-Game
2020,1,warrik1,Kahale Warring,TE,HOU,@KC,8.0,23,1.7,0.0,0.0,0.0,0.0,0.0,0.0,0.0,0.0,0.6,6.7,0.1,0.0,0.0,0.4,0.0,0.0,0.0,C-Game
2020,1,bratec1,Cameron Brate,TE,TB,@NO,6.4,9,1.6,0.0,0.0,0.0,0.0,0.0,0.0,0.0,0.0,0.7,5.7,0.1,0.0,0.0,0.3,0.0,0.0,0.0,C-Game
2020,1,burtot1,Trey Burton,TE,IND,@JAX,6.6,11,1.5,0.0,0.0,0.0,0.0,0.0,0.0,0.0,0.0,0.7,5.3,0.0,0.0,0.0,0.3,0.0,0.0,0.0,C-Game
2020,1,bellb1,Blake Bell,TE,DAL,@LAR,8.0,24,1.5,0.0,0.0,0.0,0.0,0.0,0.0,0.0,0.0,0.5,7.1,0.0,0.0,0.0,0.3,0.0,0.0,0.0,C-Game
2020,1,oshauj1,James O'Shaughnessy,TE,JAX,IND,6.8,13,1.4,0.0,0.0,0.0,0.0,0.0,0.0,0.0,0.0,0.6,5.1,0.1,0.0,0.0,0.3,0.0,0.0,0.0,C-Game
2020,1,trauta1,Adam Trautman,TE,NO,TB,7.5,20,1.4,0.0,0.0,0.0,0.0,0.0,0.0,0.0,0.0,0.5,6.2,0.0,0.0,0.0,0.3,0.0,0.0,0.0,C-Game
2020,1,kroftt1,Tyler Kroft,TE,BUF,NYJ,5.8,5,1.3,0.0,0.0,0.0,0.0,0.0,0.0,0.0,0.0,0.4,4.5,0.1,0.0,0.0,0.2,0.0,0.0,0.0,C-Game
2020,1,schuld1,Dalton Schultz,TE,DAL,@LAR,8.0,24,1.3,0.0,0.0,0.0,0.0,0.0,0.0,0.0,0.0,0.5,5.7,0.0,0.0,0.0,0.3,0.0,0.0,0.0,C-Game
2020,1,keizen1,Nick Keizer,TE,KC,HOU,7.5,19,1.3,0.0,0.0,0.0,0.0,0.0,0.0,0.0,0.0,0.5,4.8,0.0,0.0,0.0,0.3,0.0,0.0,0.0,C-Game
2020,1,willim6,Maxx Williams,TE,ARI,@SF,5.6,3,1.3,0.0,0.0,0.0,0.0,0.0,0.0,0.0,0.0,0.4,5.9,0.0,0.0,0.0,0.3,0.0,0.0,0.0,C-Game
2020,1,deguaj1,Josiah Deguara,TE,GB,@MIN,5.0,1,1.2,0.0,0.0,0.0,0.0,0.0,0.0,0.0,0.0,0.6,4.0,0.0,0.0,0.0,0.3,0.0,0.0,0.0,C-Game
2020,1,greenv1,Virgil Green,TE,LAC,@CIN,7.3,18,1.2,0.0,0.0,0.0,0.0,0.0,0.0,0.0,0.0,0.5,3.6,0.0,0.0,0.0,0.2,0.0,0.0,0.0,C-Game
2020,1,sampld1,Drew Sample,TE,CIN,LAC,6.3,7,1.1,0.0,0.0,0.0,0.0,0.0,0.0,0.0,0.0,0.6,3.9,0.0,0.0,0.0,0.2,0.0,0.0,0.0,C-Game
2020,1,pruitm1,MyCole Pruitt,TE,TEN,@DEN,6.7,12,1.1,0.0,0.0,0.0,0.0,0.0,0.0,0.0,0.0,0.4,4.0,0.0,0.0,0.0,0.2,0.0,0.0,0.0,C-Game
2020,1,sprinj1,Jeremy Sprinkle,TE,WAS,PHI,6.3,8,1.0,0.0,0.0,0.0,0.0,0.0,0.0,0.0,0.0,0.4,4.7,0.0,0.0,0.0,0.2,0.0,0.0,0.0,C-Game
2020,1,smythd1,Durham Smythe,TE,MIA,@NE,6.8,15,0.8,0.0,0.0,0.0,0.0,0.0,0.0,0.0,0.0,0.3,3.5,0.0,0.0,0.0,0.2,0.0,0.0,0.0,C-Game
2020,1,sealsr1,Ricky Seals-Jones,TE,KC,HOU,7.5,19,0.7,0.0,0.0,0.0,0.0,0.0,0.0,0.0,0.0,0.3,3.2,0.0,0.0,0.0,0.2,0.0,0.0,0.0,C-Game
2020,1,cartec1,Cethan Carter,TE,CIN,LAC,6.3,7,0.6,0.0,0.0,0.0,0.0,0.0,0.0,0.0,0.0,0.2,2.6,0.0,0.0,0.0,0.1,0.0,0.0,0.0,C-Game
2020,1,anders1,Stephen Anderson,TE,LAC,@CIN,7.3,18,0.6,0.0,0.0,0.0,0.0,0.0,0.0,0.0,0.0,0.2,2.4,0.0,0.0,0.0,0.1,0.0,0.0,0.0,C-Game
2020,1,izzor1,Ryan Izzo,TE,NE,MIA,7.3,17,0.6,0.0,0.0,0.0,0.0,0.0,0.0,0.0,0.0,0.2,2.3,0.0,0.0,0.0,0.1,0.0,0.0,0.0,C-Game
2020,1,bryanh2,Harrison Bryant,TE,CLE,@BAL,5.6,2,0.5,0.0,0.0,0.0,0.0,0.0,0.0,0.0,0.0,0.2,2.4,0.0,0.0,0.0,0.1,0.0,0.0,0.0,C-Game
2020,1,vannen1,Nick Vannett,TE,DEN,TEN,8.8,26,0.5,0.0,0.0,0.0,0.0,0.0,0.0,0.0,0.0,0.2,2.3,0.0,0.0,0.0,0.1,0.0,0.0,0.0,C-Game
2020,1,manhec1,Chris Manhertz,TE,CAR,LV,9.7,31,0.5,0.0,0.0,0.0,0.0,0.0,0.0,0.0,0.0,0.2,2.6,0.0,0.0,0.0,0.1,0.0,0.0,0.0,C-Game
2020,1,smithl1,Lee Smith,TE,BUF,NYJ,5.8,5,0.4,0.0,0.0,0.0,0.0,0.0,0.0,0.0,0.0,0.2,1.1,0.0,0.0,0.0,0.1,0.0,0.0,0.0,C-Game
2020,1,lewism2,Marcedes Lewis,TE,GB,@MIN,5.0,1,0.4,0.0,0.0,0.0,0.0,0.0,0.0,0.0,0.0,0.2,1.3,0.0,0.0,0.0,0.1,0.0,0.0,0.0,C-Game
2020,1,butkeh1,Harrison Butker,K,KC,HOU,5.6,5,9.0,0.0,0.0,0.0,0.0,0.0,0.0,0.0,0.0,0.0,0.0,0.0,0.0,0.0,0.0,0.0,3.5,1.8,A-Game
2020,1,tuckej1,Justin Tucker,K,BAL,CLE,6.8,15,8.7,0.0,0.0,0.0,0.0,0.0,0.0,0.0,0.0,0.0,0.0,0.0,0.0,0.0,0.0,0.0,3.3,1.8,A-Game
2020,1,gouldr1,Robbie Gould,K,SF,ARI,7.7,23,8.2,0.0,0.0,0.0,0.0,0.0,0.0,0.0,0.0,0.0,0.0,0.0,0.0,0.0,0.0,0.0,2.9,1.8,A-Game
2020,1,blankr1,Rodrigo Blankenship,K,IND,@JAX,7.2,18,8.1,0.0,0.0,0.0,0.0,0.0,0.0,0.0,0.0,0.0,0.0,0.0,0.0,0.0,0.0,0.0,2.9,1.7,A-Game
2020,1,lutzw1,Wil Lutz,K,NO,TB,8.4,31,8.0,0.0,0.0,0.0,0.0,0.0,0.0,0.0,0.0,0.0,0.0,0.0,0.0,0.0,0.0,0.0,2.8,1.7,A-Game
2020,1,zuerlg1,Greg Zuerlein,K,DAL,@LAR,6.2,10,7.9,0.0,0.0,0.0,0.0,0.0,0.0,0.0,0.0,0.0,0.0,0.0,0.0,0.0,0.0,0.0,2.8,1.7,A-Game
2020,1,ellioj1,Jake Elliott,K,PHI,@WAS,7.9,29,7.9,0.0,0.0,0.0,0.0,0.0,0.0,0.0,0.0,0.0,0.0,0.0,0.0,0.0,0.0,0.0,2.8,1.7,A-Game
2020,1,boswec1,Chris Boswell,K,PIT,@NYG,7.9,28,7.7,0.0,0.0,0.0,0.0,0.0,0.0,0.0,0.0,0.0,0.0,0.0,0.0,0.0,0.0,0.0,2.7,1.7,B-Game
2020,1,bailed1,Dan Bailey,K,MIN,GB,7.2,17,7.7,0.0,0.0,0.0,0.0,0.0,0.0,0.0,0.0,0.0,0.0,0.0,0.0,0.0,0.0,0.0,2.7,1.7,B-Game
2020,1,myersj1,Jason Myers,K,SEA,@ATL,7.8,27,7.6,0.0,0.0,0.0,0.0,0.0,0.0,0.0,0.0,0.0,0.0,0.0,0.0,0.0,0.0,0.0,2.7,1.7,B-Game
2020,1,kooy1,Younghoe Koo,K,ATL,SEA,6.1,9,7.5,0.0,0.0,0.0,0.0,0.0,0.0,0.0,0.0,0.0,0.0,0.0,0.0,0.0,0.0,0.0,2.5,1.6,B-Game
2020,1,badglm1,Mike Badgley,K,LAC,@CIN,8.3,30,7.5,0.0,0.0,0.0,0.0,0.0,0.0,0.0,0.0,0.0,0.0,0.0,0.0,0.0,0.0,0.0,2.5,1.7,B-Game
2020,1,basst1,Tyler Bass,K,BUF,NYJ,7.3,20,7.4,0.0,0.0,0.0,0.0,0.0,0.0,0.0,0.0,0.0,0.0,0.0,0.0,0.0,0.0,0.0,2.4,1.7,B-Game
2020,1,succor1,Ryan Succop,K,TB,@NO,5.6,4,7.4,0.0,0.0,0.0,0.0,0.0,0.0,0.0,0.0,0.0,0.0,0.0,0.0,0.0,0.0,0.0,2.3,1.7,B-Game
2020,1,slyej1,Joey Slye,K,CAR,LV,7.2,16,7.4,0.0,0.0,0.0,0.0,0.0,0.0,0.0,0.0,0.0,0.0,0.0,0.0,0.0,0.0,0.0,2.4,1.7,B-Game
2020,1,pratem1,Matt Prater,K,DET,CHI,5.8,8,7.3,0.0,0.0,0.0,0.0,0.0,0.0,0.0,0.0,0.0,0.0,0.0,0.0,0.0,0.0,0.0,2.3,1.7,B-Game
2020,1,slomas1,Sam Sloman,K,LAR,DAL,7.2,19,7.3,0.0,0.0,0.0,0.0,0.0,0.0,0.0,0.0,0.0,0.0,0.0,0.0,0.0,0.0,0.0,2.5,1.6,B-Game
2020,1,mcmanb1,Brandon McManus,K,DEN,TEN,5.7,7,7.2,0.0,0.0,0.0,0.0,0.0,0.0,0.0,0.0,0.0,0.0,0.0,0.0,0.0,0.0,0.0,2.3,1.7,B-Game
2020,1,lamboj1,Josh Lambo,K,JAX,IND,7.6,22,7.2,0.0,0.0,0.0,0.0,0.0,0.0,0.0,0.0,0.0,0.0,0.0,0.0,0.0,0.0,0.0,1.9,1.8,B-Game
2020,1,carlsd1,Daniel Carlson,K,LV,@CAR,7.8,26,7.2,0.0,0.0,0.0,0.0,0.0,0.0,0.0,0.0,0.0,0.0,0.0,0.0,0.0,0.0,0.0,2.6,1.5,B-Game
2020,1,crosbm1,Mason Crosby,K,GB,@MIN,7.3,21,7.2,0.0,0.0,0.0,0.0,0.0,0.0,0.0,0.0,0.0,0.0,0.0,0.0,0.0,0.0,0.0,2.2,1.7,B-Game
2020,1,fairbk1,Ka'imi Fairbairn,K,HOU,@KC,5.6,6,7.0,0.0,0.0,0.0,0.0,0.0,0.0,0.0,0.0,0.0,0.0,0.0,0.0,0.0,0.0,0.0,2.4,1.5,B-Game
2020,1,ganog1,Graham Gano,K,NYG,PIT,6.5,13,7.0,0.0,0.0,0.0,0.0,0.0,0.0,0.0,0.0,0.0,0.0,0.0,0.0,0.0,0.0,0.0,2.3,1.6,B-Game
2020,1,bullor1,Randy Bullock,K,CIN,LAC,6.3,12,6.8,0.0,0.0,0.0,0.0,0.0,0.0,0.0,0.0,0.0,0.0,0.0,0.0,0.0,0.0,0.0,2.1,1.6,B-Game
2020,1,santoc1,Cairo Santos,K,CHI,@DET,7.7,24,6.8,0.0,0.0,0.0,0.0,0.0,0.0,0.0,0.0,0.0,0.0,0.0,0.0,0.0,0.0,0.0,2.1,1.6,B-Game
2020,1,gostks1,Stephen Gostkowski,K,TEN,@DEN,8.5,32,6.8,0.0,0.0,0.0,0.0,0.0,0.0,0.0,0.0,0.0,0.0,0.0,0.0,0.0,0.0,0.0,2.1,1.6,B-Game
2020,1,gonzaz1,Zane Gonzalez,K,ARI,@SF,4.4,1,6.6,0.0,0.0,0.0,0.0,0.0,0.0,0.0,0.0,0.0,0.0,0.0,0.0,0.0,0.0,0.0,2.0,1.5,B-Game
2020,1,seibea1,Austin Seibert,K,CLE,@BAL,6.2,11,6.6,0.0,0.0,0.0,0.0,0.0,0.0,0.0,0.0,0.0,0.0,0.0,0.0,0.0,0.0,0.0,2.1,1.5,B-Game
2020,1,hopkid2,Dustin Hopkins,K,WAS,PHI,6.6,14,6.5,0.0,0.0,0.0,0.0,0.0,0.0,0.0,0.0,0.0,0.0,0.0,0.0,0.0,0.0,0.0,1.9,1.5,B-Game
2020,1,sandej1,Jason Sanders,K,MIA,@NE,4.8,3,6.3,0.0,0.0,0.0,0.0,0.0,0.0,0.0,0.0,0.0,0.0,0.0,0.0,0.0,0.0,0.0,1.8,1.5,B-Game
2020,1,fickes1,Sam Ficken,K,NYJ,@BUF,4.5,2,6.2,0.0,0.0,0.0,0.0,0.0,0.0,0.0,0.0,0.0,0.0,0.0,0.0,0.0,0.0,0.0,1.6,1.5,B-Game
